OCCUPATION,AI_EXPOSURE_SCORE,EMPLOYMENT,MEDIAN_WAGE,PROJECTED_GROWTH_PCT,TOP_RISK_FACTORS,RISK_SCORE,TOP_SAFE_TASKS
Accountants and Auditors,90,1448290,81680,4.6,AI credit scoring and underwriting models; Automated data interpretation and insight generation; Automated tax preparation and compliance tools; AI summarization replacing manual report compilation,68,Crisis financial decision-making under uncertainty; Stakeholder management in complex organizational settings; Navigating regulatory ambiguity and compliance judgment
Actors,67,38800,50000,0.3,AI copywriting tools reducing editorial demand; Generative AI producing marketing and creative copy; AI music composition and audio production; Generative AI creating visual art and design assets,44,Cultural interpretation and contextual sensitivity; Emotionally resonant storytelling and narrative craft; Physical artistry and hands-on creative execution; Original creative vision and artistic direction
Actuaries,88,28340,125770,21.8,Large language model automation of analysis tasks; AI pair-programming and code generation tools; Low-code / no-code platforms reducing custom development,32,Cross-functional collaboration on ambiguous problems; Architecting novel systems requiring creative problem-solving; Stakeholder negotiation and requirements elicitation; Ethical AI oversight and bias auditing
Acupuncturists,71,8440,78140,6.8,AI-assisted diagnostic imaging reducing radiologist workload; Large language model automation of analysis tasks; Telehealth platforms automating triage and intake; Natural language processing for clinical documentation,47,Empathetic patient communication and bedside manner; Complex clinical judgment in ambiguous presentations; Hands-on physical examination and procedures; Interdisciplinary care coordination
Adhesive Bonding Machine Operators and Tenders,44,12170,45210,1,AI quality inspection via computer vision systems; Predictive maintenance reducing manual inspection roles; Cobots handling repetitive material handling tasks; Industrial robotics replacing manual assembly tasks,63,Coordinating workflow across diverse production teams; Troubleshooting complex equipment malfunctions; Handling non-standard materials and configurations
"Administrative Law Judges, Adjudicators, and Hearing Officers",81,16230,115230,-0.7,AI coding assistants reducing developer demand; AI summarization replacing manual report compilation; Automated document drafting for standard filings; Generative AI producing marketing and creative copy,56,Courtroom advocacy and persuasive oral argument; Nuanced legal strategy in novel or precedent-setting cases; Client counseling on sensitive and complex matters; Ethical judgment in adversarial situations
Administrative Services Managers,88,254140,108390,4.6,AI coding assistants reducing developer demand; AI-driven workforce planning and scheduling; Chatbot displacement of customer-facing interactions; AI summarization replacing manual report compilation,55,Strategic vision-setting in uncertain markets; Navigating complex interpersonal and political dynamics; Building organizational culture and employee engagement; Inspiring and leading teams through organizational change
"Adult Basic Education, Adult Secondary Education, and English as a Second Language Instructors",95,36260,59950,-13.7,AI summarization replacing manual report compilation; Virtual classroom platforms reducing instructor demand; AI-generated curriculum and lesson plan content; AI-generated written content replacing manual drafting,56,Managing classroom dynamics and student behavior; Mentoring students through personal and academic challenges; Inspiring and motivating students through personal connection; Developing creative and engaging hands-on lessons
Advertising and Promotions Managers,80,21100,126960,-2.2,AI strategic decision-support dashboards; AI-powered research and literature review tools; Automated data interpretation and insight generation,34,Inspiring and leading teams through organizational change; Strategic vision-setting in uncertain markets; Building organizational culture and employee engagement; Conflict resolution and mediation across departments
Advertising Sales Agents,95,97470,61460,-6.4,AI-powered product recommendation engines; Chatbot and virtual assistant sales displacement; Generative AI producing marketing and creative copy; AI summarization replacing manual report compilation,66,Building long-term client relationships and trust; Resolving novel customer complaints with empathy; Negotiating bespoke deals with multiple stakeholders
"Advertising, Marketing, Promotions, Public Relations, and Sales Managers",35,1122770,144530,5.2,AI-driven workforce planning and scheduling; Automated performance analytics and reporting; AI strategic decision-support dashboards,16,Navigating complex interpersonal and political dynamics; Conflict resolution and mediation across departments; Building organizational culture and employee engagement; Inspiring and leading teams through organizational change; Strategic vision-setting in uncertain markets
Aerospace Engineering and Operations Technologists and Technicians,49,9060,79830,8.1,Robotic inspection and testing automation; AI-optimized manufacturing process design; Automated structural and systems analysis software; Simulation and digital twin automation,44,Safety-critical judgment in design review; Cross-disciplinary collaboration on complex projects; On-site problem-solving in variable physical conditions; Novel engineering design for unprecedented challenges
Aerospace Engineers,88,68440,134830,6.1,AI coding assistants reducing developer demand; Automated data interpretation and insight generation; AI-optimized manufacturing process design,33,Novel engineering design for unprecedented challenges; On-site problem-solving in variable physical conditions; Client communication and technical consultation; Cross-disciplinary collaboration on complex projects
"Agents and Business Managers of Artists, Performers, and Athletes",95,14220,96310,8.7,Automated financial reporting and reconciliation; Automated data interpretation and insight generation; AI summarization replacing manual report compilation,40,Stakeholder management in complex organizational settings; Navigating regulatory ambiguity and compliance judgment; Crisis financial decision-making under uncertainty; Strategic advisory requiring deep client relationship knowledge
Agricultural Engineers,67,1680,84630,5.9,AI-optimized manufacturing process design; Automated data interpretation and insight generation; Simulation and digital twin automation; AI summarization replacing manual report compilation,47,Safety-critical judgment in design review; Novel engineering design for unprecedented challenges; Client communication and technical consultation; On-site problem-solving in variable physical conditions
Agricultural Equipment Operators,34,30940,42580,7.7,Drone crop monitoring and precision spraying; AI-driven irrigation and soil analysis systems; Satellite and sensor-based yield prediction models; Robotic sorting and packing of produce,59,Adapting to variable weather and terrain conditions; Sustainable land management judgment calls; Assessing crop health through hands-on field inspection; Managing livestock behavior and welfare
Agricultural Inspectors,63,12090,50990,1.5,Satellite and sensor-based yield prediction models; Drone crop monitoring and precision spraying; Autonomous harvesting and planting machinery; Automated data interpretation and insight generation,66,Adapting to variable weather and terrain conditions; Assessing crop health through hands-on field inspection; Sustainable land management judgment calls
"Agricultural Sciences Teachers, Postsecondary",81,8700,86350,4.1,Automated grading and assessment tools; Virtual classroom platforms reducing instructor demand; AI-powered research and literature review tools; Adaptive learning technology replacing remedial roles,51,Adapting instruction to individual learning needs in real-time; Managing classroom dynamics and student behavior; Inspiring and motivating students through personal connection; Mentoring students through personal and academic challenges
Agricultural Technicians,71,14340,46790,4.3,Automated data interpretation and insight generation; Robotic sample preparation and experimentation; Automated laboratory instrumentation and workflows; AI literature review and meta-analysis automation,69,Ethical oversight of research involving human subjects; Collaborative scientific discourse and peer review; Fieldwork in unstructured natural environments
Agricultural Workers,35,373730,36020,-2.8,Robotic sorting and packing of produce; Autonomous harvesting and planting machinery; Drone crop monitoring and precision spraying; AI-driven irrigation and soil analysis systems,54,Assessing crop health through hands-on field inspection; Adapting to variable weather and terrain conditions; Managing livestock behavior and welfare; Sustainable land management judgment calls
"Agricultural Workers, All Other",35,4980,40390,2.3,Drone crop monitoring and precision spraying; Autonomous harvesting and planting machinery; AI-driven irrigation and soil analysis systems; Robotic sorting and packing of produce,51,Adapting to variable weather and terrain conditions; Managing livestock behavior and welfare; Operating in unstructured and remote environments; Sustainable land management judgment calls
Air Traffic Controllers,95,22400,144580,1.2,Autonomous vehicle and self-driving truck technology; AI-generated written content replacing manual drafting; AI route optimization reducing dispatcher roles,40,Navigating unpredictable road and weather conditions; Emergency situation response and quick decision-making; Navigating complex urban environments with obstacles; Customer interaction and conflict resolution during delivery
Air Transportation Workers,35,320280,106500,6,Automated warehouse sorting and loading systems; Drone delivery displacing last-mile logistics workers; AI route optimization reducing dispatcher roles,31,Navigating complex urban environments with obstacles; Emergency situation response and quick decision-making; Manual loading of irregular and fragile cargo; Customer interaction and conflict resolution during delivery
Aircraft Cargo Handling Supervisors,10,10160,63940,5.2,Autonomous vehicle and self-driving truck technology; Predictive maintenance reducing manual inspection needs; Automated warehouse sorting and loading systems,29,Manual loading of irregular and fragile cargo; Emergency situation response and quick decision-making; Customer interaction and conflict resolution during delivery; Navigating complex urban environments with obstacles; Navigating unpredictable road and weather conditions
Aircraft Mechanics and Service Technicians,30,136390,78680,4,Robotic inspection of hard-to-reach equipment; Automated fault detection via IoT sensor networks; Augmented reality-guided remote diagnostics; AI parts inventory and supply chain optimization,49,"Hands-on fine motor work in intricate machinery; Diagnosing novel equipment failures through physical inspection; Customer communication about technical issues; Working in confined, elevated, or hazardous spaces"
Aircraft Service Attendants,10,27310,41540,5.1,AI traffic management and fleet coordination; Predictive maintenance reducing manual inspection needs; Automated warehouse sorting and loading systems; Drone delivery displacing last-mile logistics workers,46,Emergency situation response and quick decision-making; Manual loading of irregular and fragile cargo; Navigating unpredictable road and weather conditions; Navigating complex urban environments with obstacles
"Aircraft Structure, Surfaces, Rigging, and Systems Assemblers",21,32890,61680,-14.5,AI quality inspection via computer vision systems; Smart factory scheduling and production optimization; Automated CNC programming and machine operation; Industrial robotics replacing manual assembly tasks,67,Setup and calibration of custom production runs; Quality judgment requiring tactile and visual inspection; Troubleshooting complex equipment malfunctions
Airfield Operations Specialists,71,16640,56750,4.2,AI-generated written content replacing manual drafting; Large language model automation of analysis tasks; AI coding assistants reducing developer demand; Generative AI producing marketing and creative copy,61,Manual loading of irregular and fragile cargo; Customer interaction and conflict resolution during delivery; Navigating complex urban environments with obstacles
"Airline Pilots, Copilots, and Flight Engineers",81,99300,226600,3.9,Autonomous vehicle and self-driving truck technology; AI route optimization reducing dispatcher roles; AI traffic management and fleet coordination,37,Navigating unpredictable road and weather conditions; Customer interaction and conflict resolution during delivery; Manual loading of irregular and fragile cargo; Emergency situation response and quick decision-making
"Ambulance Drivers and Attendants, Except Emergency Medical Technicians",38,12080,34330,-1.3,Drone delivery displacing last-mile logistics workers; AI route optimization reducing dispatcher roles; Predictive maintenance reducing manual inspection needs,28,Navigating unpredictable road and weather conditions; Emergency situation response and quick decision-making; Customer interaction and conflict resolution during delivery; Manual loading of irregular and fragile cargo; Navigating complex urban environments with obstacles
Amusement and Recreation Attendants,31,371590,30490,3.4,Automated booking and client management platforms; Virtual try-on technology reducing in-person consultations; AI-powered skincare and beauty recommendation apps; Robotic massage and physical therapy devices,55,Adapting techniques to individual body types and preferences; Building trust and rapport with repeat clients; Emotional support and active listening during sessions; Personalized hands-on service requiring tactile skill
Anesthesiologists,83,41890,239200,3.2,Automated data interpretation and insight generation; Natural language processing for clinical documentation; AI summarization replacing manual report compilation; AI-assisted diagnostic imaging reducing radiologist workload,54,Emergency triage requiring rapid human judgment; Hands-on physical examination and procedures; Interdisciplinary care coordination; Empathetic patient communication and bedside manner
Animal Breeders,74,1730,52000,2.4,AI summarization replacing manual report compilation; Robotic sorting and packing of produce; Generative AI producing marketing and creative copy; AI-driven irrigation and soil analysis systems,69,Managing livestock behavior and welfare; Sustainable land management judgment calls; Operating in unstructured and remote environments
Animal Care and Service Workers,35,297420,33860,11.4,Robotic massage and physical therapy devices; Automated booking and client management platforms; AI-powered skincare and beauty recommendation apps,37,Building trust and rapport with repeat clients; Personalized hands-on service requiring tactile skill; Adapting techniques to individual body types and preferences; Creative aesthetic judgment for individual clients
Animal Caretakers,38,277300,33470,12.1,AI fitness coaching apps displacing personal trainers; Robotic massage and physical therapy devices; Automated booking and client management platforms; Virtual try-on technology reducing in-person consultations,52,Personalized hands-on service requiring tactile skill; Emotional support and active listening during sessions; Building trust and rapport with repeat clients; Adapting techniques to individual body types and preferences
Animal Control Workers,61,11790,45830,3.9,Large language model automation of analysis tasks; AI-powered research and literature review tools; Drone-based perimeter monitoring and response; AI summarization replacing manual report compilation,45,Physical apprehension and emergency response; Community relationship-building and trust development; De-escalation of volatile interpersonal confrontations; Split-second judgment in life-threatening situations
Animal Scientists,95,2470,79120,5.8,AI-generated written content replacing manual drafting; Chatbot displacement of customer-facing interactions; AI coding assistants reducing developer demand; Automated laboratory instrumentation and workflows,44,Interpreting ambiguous results with domain expertise; Collaborative scientific discourse and peer review; Designing novel experiments and research methodologies; Ethical oversight of research involving human subjects
Animal Trainers,53,20110,38750,5.1,Virtual try-on technology reducing in-person consultations; Automated booking and client management platforms; Robotic massage and physical therapy devices,40,Personalized hands-on service requiring tactile skill; Creative aesthetic judgment for individual clients; Building trust and rapport with repeat clients; Emotional support and active listening during sessions
Anthropologists and Archeologists,81,8070,64910,3.7,AI-accelerated data analysis and pattern recognition; AI-powered research and literature review tools; AI literature review and meta-analysis automation,32,Collaborative scientific discourse and peer review; Ethical oversight of research involving human subjects; Fieldwork in unstructured natural environments; Interpreting ambiguous results with domain expertise
"Anthropology and Archeology Teachers, Postsecondary",95,5260,95770,2.7,AI-powered research and literature review tools; AI-generated written content replacing manual drafting; Generative AI producing marketing and creative copy; Chatbot displacement of customer-facing interactions,53,Adapting instruction to individual learning needs in real-time; Inspiring and motivating students through personal connection; Developing creative and engaging hands-on lessons; Mentoring students through personal and academic challenges
"Arbitrators, Mediators, and Conciliators",83,7860,67710,4.3,Large language model automation of analysis tasks; AI contract review and due diligence automation; Generative AI producing marketing and creative copy,39,Client counseling on sensitive and complex matters; Ethical judgment in adversarial situations; Nuanced legal strategy in novel or precedent-setting cases; Negotiating settlements requiring empathy and persuasion
"Architects, Except Landscape and Naval",64,111140,96690,3.9,Generative AI producing marketing and creative copy; AI coding assistants reducing developer demand; Robotic inspection and testing automation,29,Client communication and technical consultation; Novel engineering design for unprecedented challenges; On-site problem-solving in variable physical conditions; Safety-critical judgment in design review; Cross-disciplinary collaboration on complex projects
"Architects, Surveyors, and Cartographers",35,196590,82990,4.1,Simulation and digital twin automation; AI-assisted CAD and generative design tools; Automated structural and systems analysis software,32,Safety-critical judgment in design review; Cross-disciplinary collaboration on complex projects; On-site problem-solving in variable physical conditions; Novel engineering design for unprecedented challenges
Architectural and Civil Drafters,67,109550,64280,4.1,Large language model automation of analysis tasks; Robotic inspection and testing automation; Generative AI producing marketing and creative copy; AI-generated written content replacing manual drafting,52,Client communication and technical consultation; On-site problem-solving in variable physical conditions; Novel engineering design for unprecedented challenges; Safety-critical judgment in design review
Architectural and Engineering Managers,77,210340,167740,3.8,AI coding assistants reducing developer demand; AI strategic decision-support dashboards; AI summarization replacing manual report compilation,23,Strategic vision-setting in uncertain markets; Navigating complex interpersonal and political dynamics; Conflict resolution and mediation across departments; Building organizational culture and employee engagement; Inspiring and leading teams through organizational change
"Architecture Teachers, Postsecondary",95,9120,101480,2,AI-generated written content replacing manual drafting; Automated grading and assessment tools; Generative AI producing marketing and creative copy; AI summarization replacing manual report compilation,47,Managing classroom dynamics and student behavior; Mentoring students through personal and academic challenges; Adapting instruction to individual learning needs in real-time; Developing creative and engaging hands-on lessons
Archivists,95,7050,61570,3.8,AI tutoring systems providing personalized instruction; Automated data interpretation and insight generation; Automated grading and assessment tools; Adaptive learning technology replacing remedial roles,67,Mentoring students through personal and academic challenges; Inspiring and motivating students through personal connection; Developing creative and engaging hands-on lessons
"Area, Ethnic, and Cultural Studies Teachers, Postsecondary",95,11430,84290,2.4,AI summarization replacing manual report compilation; AI-powered research and literature review tools; Large language model automation of analysis tasks; Chatbot displacement of customer-facing interactions,54,Managing classroom dynamics and student behavior; Inspiring and motivating students through personal connection; Developing creative and engaging hands-on lessons; Mentoring students through personal and academic challenges
Art and Design Workers,35,681550,53180,2.3,Text-to-image tools displacing graphic design work; AI copywriting tools reducing editorial demand; AI video editing and post-production automation,35,Collaborative creative ideation and brainstorming; Cultural interpretation and contextual sensitivity; Live performance and audience engagement; Physical artistry and hands-on creative execution
Art Directors,95,50370,111040,4.2,Automated data interpretation and insight generation; AI-powered research and literature review tools; AI music composition and audio production,31,Cultural interpretation and contextual sensitivity; Original creative vision and artistic direction; Live performance and audience engagement; Physical artistry and hands-on creative execution
"Art, Drama, and Music Teachers, Postsecondary",81,97890,80190,1.7,AI summarization replacing manual report compilation; AI tutoring systems providing personalized instruction; AI-powered research and literature review tools; Automated grading and assessment tools,51,Inspiring and motivating students through personal connection; Adapting instruction to individual learning needs in real-time; Managing classroom dynamics and student behavior; Developing creative and engaging hands-on lessons
"Artists and Related Workers, All Other",35,7370,72760,0.8,Generative AI creating visual art and design assets; AI video editing and post-production automation; Text-to-image tools displacing graphic design work,23,Physical artistry and hands-on creative execution; Emotionally resonant storytelling and narrative craft; Collaborative creative ideation and brainstorming; Live performance and audience engagement; Original creative vision and artistic direction
Assemblers and Fabricators,35,1874550,43570,-0.6,Industrial robotics replacing manual assembly tasks; AI quality inspection via computer vision systems; Automated CNC programming and machine operation,37,Troubleshooting complex equipment malfunctions; Quality judgment requiring tactile and visual inspection; Setup and calibration of custom production runs; Handling non-standard materials and configurations
Astronomers,72,1560,132170,2.2,Automated laboratory instrumentation and workflows; Large language model automation of analysis tasks; Machine learning models replacing manual hypothesis testing,27,Interpreting ambiguous results with domain expertise; Collaborative scientific discourse and peer review; Ethical oversight of research involving human subjects; Fieldwork in unstructured natural environments; Designing novel experiments and research methodologies
Athletes and Sports Competitors,67,14370,62360,5.5,Generative AI creating visual art and design assets; AI coding assistants reducing developer demand; AI-generated written content replacing manual drafting,39,Cultural interpretation and contextual sensitivity; Original creative vision and artistic direction; Live performance and audience engagement; Collaborative creative ideation and brainstorming
Athletic Trainers,76,28950,60250,11.1,Large language model automation of analysis tasks; AI coding assistants reducing developer demand; Automated data interpretation and insight generation,36,Complex clinical judgment in ambiguous presentations; Empathetic patient communication and bedside manner; Emergency triage requiring rapid human judgment; Hands-on physical examination and procedures
Atmospheric and Space Scientists,88,8780,97450,0.7,Chatbot displacement of customer-facing interactions; AI summarization replacing manual report compilation; AI-powered research and literature review tools; Robotic sample preparation and experimentation,56,Ethical oversight of research involving human subjects; Collaborative scientific discourse and peer review; Fieldwork in unstructured natural environments; Interpreting ambiguous results with domain expertise
"Atmospheric, Earth, Marine, and Space Sciences Teachers, Postsecondary",95,11480,101390,2.6,Virtual classroom platforms reducing instructor demand; AI-generated curriculum and lesson plan content; Adaptive learning technology replacing remedial roles; Generative AI producing marketing and creative copy,52,Mentoring students through personal and academic challenges; Managing classroom dynamics and student behavior; Adapting instruction to individual learning needs in real-time; Developing creative and engaging hands-on lessons
Audio and Video Technicians,67,70080,54830,3.3,Large language model automation of analysis tasks; Generative AI producing marketing and creative copy; AI video editing and post-production automation; Automated data interpretation and insight generation,52,Emotionally resonant storytelling and narrative craft; Live performance and audience engagement; Collaborative creative ideation and brainstorming; Cultural interpretation and contextual sensitivity
Audiologists,70,14730,92120,9.5,AI-assisted diagnostic imaging reducing radiologist workload; Large language model automation of analysis tasks; Chatbot displacement of customer-facing interactions,31,Emergency triage requiring rapid human judgment; Complex clinical judgment in ambiguous presentations; Interdisciplinary care coordination; Empathetic patient communication and bedside manner
Audiovisual Equipment Installers and Repairers,46,22170,50620,6.6,Automated fault detection via IoT sensor networks; Predictive maintenance AI reducing reactive repair needs; Augmented reality-guided remote diagnostics; AI parts inventory and supply chain optimization,54,"Customer communication about technical issues; Diagnosing novel equipment failures through physical inspection; Working in confined, elevated, or hazardous spaces; Hands-on fine motor work in intricate machinery"
Automotive and Watercraft Service Attendants,53,98270,34850,-1,AI traffic management and fleet coordination; Predictive maintenance reducing manual inspection needs; Autonomous vehicle and self-driving truck technology; Drone delivery displacing last-mile logistics workers,64,Navigating complex urban environments with obstacles; Manual loading of irregular and fragile cargo; Emergency situation response and quick decision-making
Automotive Body and Related Repairers,36,155220,51680,1.6,Augmented reality-guided remote diagnostics; Predictive maintenance AI reducing reactive repair needs; Automated fault detection via IoT sensor networks; Robotic inspection of hard-to-reach equipment,60,"Diagnosing novel equipment failures through physical inspection; Working in confined, elevated, or hazardous spaces; Customer communication about technical issues"
Automotive Glass Installers and Repairers,27,18940,47260,3.6,Predictive maintenance AI reducing reactive repair needs; Automated fault detection via IoT sensor networks; AI parts inventory and supply chain optimization; Robotic inspection of hard-to-reach equipment,48,"Customer communication about technical issues; Hands-on fine motor work in intricate machinery; Adapting repairs to non-standard or legacy equipment; Working in confined, elevated, or hazardous spaces"
Automotive Service Technicians and Mechanics,44,688840,49670,4.2,Robotic inspection of hard-to-reach equipment; Augmented reality-guided remote diagnostics; AI parts inventory and supply chain optimization; Predictive maintenance AI reducing reactive repair needs,52,"Diagnosing novel equipment failures through physical inspection; Working in confined, elevated, or hazardous spaces; Hands-on fine motor work in intricate machinery; Adapting repairs to non-standard or legacy equipment"
Avionics Technicians,53,20900,81390,8.2,AI parts inventory and supply chain optimization; Robotic inspection of hard-to-reach equipment; Automated fault detection via IoT sensor networks; Augmented reality-guided remote diagnostics,47,"Diagnosing novel equipment failures through physical inspection; Working in confined, elevated, or hazardous spaces; Adapting repairs to non-standard or legacy equipment; Hands-on fine motor work in intricate machinery"
Baggage Porters and Bellhops,38,31220,36020,-1.6,AI-powered skincare and beauty recommendation apps; Virtual try-on technology reducing in-person consultations; AI fitness coaching apps displacing personal trainers; Automated booking and client management platforms,61,Emotional support and active listening during sessions; Personalized hands-on service requiring tactile skill; Building trust and rapport with repeat clients
"Baggage Porters, Bellhops, and Concierges",35,75430,36810,0.7,Automated booking and client management platforms; Robotic massage and physical therapy devices; Virtual try-on technology reducing in-person consultations,31,Creative aesthetic judgment for individual clients; Emotional support and active listening during sessions; Adapting techniques to individual body types and preferences; Building trust and rapport with repeat clients
Bailiffs,31,16910,57050,-2.2,Automated access control and identity verification; Autonomous patrol and security robots; AI-powered surveillance and threat detection systems; Predictive policing and crime analytics,44,Physical apprehension and emergency response; Community relationship-building and trust development; De-escalation of volatile interpersonal confrontations; Split-second judgment in life-threatening situations
Bakers,31,231890,36650,5.6,Industrial robotics replacing manual assembly tasks; AI quality inspection via computer vision systems; Automated CNC programming and machine operation; Cobots handling repetitive material handling tasks,57,Setup and calibration of custom production runs; Handling non-standard materials and configurations; Quality judgment requiring tactile and visual inspection; Coordinating workflow across diverse production teams
Barbers,53,18100,38960,4.1,AI fitness coaching apps displacing personal trainers; Robotic massage and physical therapy devices; AI-powered skincare and beauty recommendation apps; Automated booking and client management platforms,61,Emotional support and active listening during sessions; Adapting techniques to individual body types and preferences; Building trust and rapport with repeat clients
Bartenders,44,745610,33530,5.9,Automated food preparation and cooking robotics; AI inventory management and waste reduction; Automated dishwashing and kitchen cleaning systems; Robotic food delivery within establishments,59,Food presentation requiring artistic and tactile skill; Managing chaotic high-volume service environments; Adapting to real-time dietary and allergy requests; Hospitality and personalized guest experiences
Bicycle Repairers,10,12590,40360,-2.3,AI parts inventory and supply chain optimization; Robotic inspection of hard-to-reach equipment; Automated fault detection via IoT sensor networks; Augmented reality-guided remote diagnostics,44,"Hands-on fine motor work in intricate machinery; Customer communication about technical issues; Adapting repairs to non-standard or legacy equipment; Working in confined, elevated, or hazardous spaces"
Bill and Account Collectors,95,165020,46040,-10.5,AI-powered email triage and response drafting; AI summarization replacing manual report compilation; AI-generated written content replacing manual drafting; Chatbot displacement of customer-facing interactions; Automated invoice and expense processing,80,Managing sensitive interpersonal workplace situations; Handling confidential and politically sensitive information; Exercising discretion in ambiguous administrative decisions
Billing and Posting Clerks,75,417500,47170,-0.4,AI-generated written content replacing manual drafting; Automated invoice and expense processing; Generative AI producing marketing and creative copy; Large language model automation of analysis tasks,70,Coordinating complex multi-party events and logistics; Managing sensitive interpersonal workplace situations; Exercising discretion in ambiguous administrative decisions
Biochemists and Biophysicists,71,34520,103650,5.8,AI literature review and meta-analysis automation; Chatbot displacement of customer-facing interactions; AI coding assistants reducing developer demand,29,Collaborative scientific discourse and peer review; Ethical oversight of research involving human subjects; Interpreting ambiguous results with domain expertise; Designing novel experiments and research methodologies; Fieldwork in unstructured natural environments
Bioengineers and Biomedical Engineers,83,21860,106950,5.2,Automated structural and systems analysis software; Generative AI producing marketing and creative copy; Simulation and digital twin automation,31,Novel engineering design for unprecedented challenges; On-site problem-solving in variable physical conditions; Client communication and technical consultation; Safety-critical judgment in design review
"Biological Science Teachers, Postsecondary",83,53250,83460,7.3,AI-powered research and literature review tools; AI summarization replacing manual report compilation; AI tutoring systems providing personalized instruction; Large language model automation of analysis tasks,51,Inspiring and motivating students through personal connection; Adapting instruction to individual learning needs in real-time; Managing classroom dynamics and student behavior; Mentoring students through personal and academic challenges
"Biological Scientists, All Other",87,59710,93330,1.2,AI coding assistants reducing developer demand; Generative AI producing marketing and creative copy; Chatbot displacement of customer-facing interactions,35,Ethical oversight of research involving human subjects; Designing novel experiments and research methodologies; Interpreting ambiguous results with domain expertise; Fieldwork in unstructured natural environments
Biological Technicians,81,76190,52000,3.5,Automated data interpretation and insight generation; AI-accelerated data analysis and pattern recognition; Large language model automation of analysis tasks; AI-powered research and literature review tools,51,Designing novel experiments and research methodologies; Interpreting ambiguous results with domain expertise; Fieldwork in unstructured natural environments; Ethical oversight of research involving human subjects
Boilermakers,10,10170,73340,-2.4,Robotic bricklaying and prefabrication automation; Drone-based site surveying and inspection; Autonomous heavy equipment operation; AI project scheduling and resource optimization,45,Real-time safety judgment in hazardous conditions; Client-facing consultation on custom project needs; Fine motor craftsmanship in custom installations; Adapting to unique building configurations on-site
"Bookkeeping, Accounting, and Auditing Clerks",88,1455770,49210,-5.8,Automated invoice and expense processing; Generative AI producing marketing and creative copy; Automated data interpretation and insight generation; Large language model automation of analysis tasks; Robotic process automation of data entry workflows,79,Managing sensitive interpersonal workplace situations; Building trust-based relationships with executives; Exercising discretion in ambiguous administrative decisions
Brickmasons and Blockmasons,10,53520,60800,3.2,Robotic bricklaying and prefabrication automation; Drone-based site surveying and inspection; AI project scheduling and resource optimization; BIM-integrated automated progress tracking,51,Fine motor craftsmanship in custom installations; Client-facing consultation on custom project needs; Adapting to unique building configurations on-site; Navigating unpredictable and unstructured job sites
Bridge and Lock Tenders,59,2720,58490,-3.3,Drone delivery displacing last-mile logistics workers; Autonomous vehicle and self-driving truck technology; Automated warehouse sorting and loading systems; AI traffic management and fleet coordination,69,Emergency situation response and quick decision-making; Manual loading of irregular and fragile cargo; Customer interaction and conflict resolution during delivery
Broadcast Announcers and Radio Disc Jockeys,81,23880,45680,-5.5,Large language model automation of analysis tasks; Automated content curation and social media management; AI-generated written content replacing manual drafting; AI coding assistants reducing developer demand,51,Original creative vision and artistic direction; Live performance and audience engagement; Cultural interpretation and contextual sensitivity; Emotionally resonant storytelling and narrative craft
Broadcast Technicians,67,21080,53920,-2.8,Generative AI creating visual art and design assets; Automated content curation and social media management; AI summarization replacing manual report compilation; AI-generated written content replacing manual drafting,60,Original creative vision and artistic direction; Live performance and audience engagement; Collaborative creative ideation and brainstorming
Brokerage Clerks,84,40090,62940,-9.5,Large language model automation of analysis tasks; AI-generated written content replacing manual drafting; Smart form extraction replacing manual data processing; Chatbot displacement of customer-facing interactions; AI-powered email triage and response drafting,80,Handling confidential and politically sensitive information; Building trust-based relationships with executives; Exercising discretion in ambiguous administrative decisions
Budget Analysts,81,47170,87930,1,Chatbot displacement of customer-facing interactions; Automated data interpretation and insight generation; AI credit scoring and underwriting models; Generative AI producing marketing and creative copy,67,Ethical judgment in fiduciary and advisory roles; Crisis financial decision-making under uncertainty; Stakeholder management in complex organizational settings
Building Cleaning and Pest Control Workers,35,3167290,35750,1.5,Robotic cleaning and facility maintenance systems; Remote monitoring reducing on-site maintenance staff; IoT-based predictive maintenance scheduling; AI-driven building management and energy optimization,45,Physical work in diverse and unstructured environments; Judgment calls on repair vs. replacement decisions; Hands-on troubleshooting of building systems; Tenant and occupant relationship management
"Building Cleaning Workers, All Other",35,16370,42360,2.5,IoT-based predictive maintenance scheduling; Robotic cleaning and facility maintenance systems; AI-driven building management and energy optimization; Automated grounds-keeping and landscaping equipment,44,Physical work in diverse and unstructured environments; Responding to unpredictable facility emergencies; Tenant and occupant relationship management; Judgment calls on repair vs. replacement decisions
Bus and Truck Mechanics and Diesel Engine Specialists,29,287230,60640,2.4,Automated fault detection via IoT sensor networks; Augmented reality-guided remote diagnostics; Predictive maintenance AI reducing reactive repair needs; Robotic inspection of hard-to-reach equipment,53,"Customer communication about technical issues; Diagnosing novel equipment failures through physical inspection; Working in confined, elevated, or hazardous spaces; Hands-on fine motor work in intricate machinery"
"Bus Drivers, School",48,387920,47040,0.2,Predictive maintenance reducing manual inspection needs; Automated warehouse sorting and loading systems; AI traffic management and fleet coordination; AI route optimization reducing dispatcher roles,62,Emergency situation response and quick decision-making; Navigating unpredictable road and weather conditions; Manual loading of irregular and fragile cargo
"Bus Drivers, Transit and Intercity",59,148980,57440,4.3,Autonomous vehicle and self-driving truck technology; AI route optimization reducing dispatcher roles; Predictive maintenance reducing manual inspection needs; Automated warehouse sorting and loading systems,57,Customer interaction and conflict resolution during delivery; Navigating unpredictable road and weather conditions; Emergency situation response and quick decision-making; Manual loading of irregular and fragile cargo
Business Operations Specialists,35,7318320,80410,5.5,Robotic process automation for accounting workflows; Algorithmic trading and AI portfolio management; Automated tax preparation and compliance tools,28,Strategic advisory requiring deep client relationship knowledge; Navigating regulatory ambiguity and compliance judgment; Crisis financial decision-making under uncertainty; Stakeholder management in complex organizational settings; Ethical judgment in fiduciary and advisory roles
"Business Operations Specialists, All Other",81,1128200,81270,3,AI-generated written content replacing manual drafting; AI-powered research and literature review tools; Algorithmic trading and AI portfolio management; Automated financial reporting and reconciliation,43,Crisis financial decision-making under uncertainty; Navigating regulatory ambiguity and compliance judgment; Ethical judgment in fiduciary and advisory roles; Strategic advisory requiring deep client relationship knowledge
"Business Teachers, Postsecondary",86,81780,97270,5.7,Automated grading and assessment tools; AI-generated written content replacing manual drafting; AI summarization replacing manual report compilation; Generative AI producing marketing and creative copy,47,Adapting instruction to individual learning needs in real-time; Mentoring students through personal and academic challenges; Developing creative and engaging hands-on lessons; Managing classroom dynamics and student behavior
Butchers and Meat Cutters,53,140040,38960,1,Predictive maintenance reducing manual inspection roles; Industrial robotics replacing manual assembly tasks; Cobots handling repetitive material handling tasks; AI quality inspection via computer vision systems,61,Setup and calibration of custom production runs; Coordinating workflow across diverse production teams; Handling non-standard materials and configurations
Buyers and Purchasing Agents,35,486900,75650,5.8,Algorithmic trading and AI portfolio management; Automated tax preparation and compliance tools; Automated financial reporting and reconciliation; AI-driven fraud detection replacing manual review,45,Crisis financial decision-making under uncertainty; Strategic advisory requiring deep client relationship knowledge; Navigating regulatory ambiguity and compliance judgment; Stakeholder management in complex organizational settings
Cabinetmakers and Bench Carpenters,42,79540,46020,-1.6,AI quality inspection via computer vision systems; Predictive maintenance reducing manual inspection roles; Industrial robotics replacing manual assembly tasks; Smart factory scheduling and production optimization,61,Setup and calibration of custom production runs; Quality judgment requiring tactile and visual inspection; Troubleshooting complex equipment malfunctions
Calibration Technologists and Technicians,63,15320,65040,4.7,AI-powered research and literature review tools; Automated structural and systems analysis software; AI-optimized manufacturing process design; AI-assisted CAD and generative design tools,44,Client communication and technical consultation; Safety-critical judgment in design review; Cross-disciplinary collaboration on complex projects; On-site problem-solving in variable physical conditions
Camera and Photographic Equipment Repairers,49,2010,49300,-15.1,Robotic inspection of hard-to-reach equipment; Automated fault detection via IoT sensor networks; Augmented reality-guided remote diagnostics; AI parts inventory and supply chain optimization; Predictive maintenance AI reducing reactive repair needs,77,"Adapting repairs to non-standard or legacy equipment; Customer communication about technical issues; Working in confined, elevated, or hazardous spaces"
"Camera Operators, Television, Video, and Film",48,24460,68810,1.2,AI video editing and post-production automation; AI music composition and audio production; Generative AI creating visual art and design assets; Text-to-image tools displacing graphic design work,48,Live performance and audience engagement; Physical artistry and hands-on creative execution; Collaborative creative ideation and brainstorming; Original creative vision and artistic direction
"Captains, Mates, and Pilots of Water Vessels",38,35390,85540,0.5,AI route optimization reducing dispatcher roles; Automated warehouse sorting and loading systems; Autonomous vehicle and self-driving truck technology,38,Emergency situation response and quick decision-making; Manual loading of irregular and fragile cargo; Customer interaction and conflict resolution during delivery; Navigating complex urban environments with obstacles
Cardiologists,71,18020,239200,4.1,Natural language processing for clinical documentation; AI coding assistants reducing developer demand; AI clinical decision-support tools guiding treatment; Telehealth platforms automating triage and intake,49,Emergency triage requiring rapid human judgment; Ethical decision-making in end-of-life situations; Complex clinical judgment in ambiguous presentations; Empathetic patient communication and bedside manner
Cardiovascular Technologists and Technicians,67,61180,67260,3,Administrative automation of medical billing and coding; AI-generated written content replacing manual drafting; Generative AI producing marketing and creative copy; Chatbot displacement of customer-facing interactions,42,Interdisciplinary care coordination; Emergency triage requiring rapid human judgment; Hands-on physical examination and procedures; Complex clinical judgment in ambiguous presentations
"Career/Technical Education Teachers, Middle School",74,14200,63620,-2,Large language model automation of analysis tasks; AI tutoring systems providing personalized instruction; AI-generated written content replacing manual drafting; Automated grading and assessment tools,44,Adapting instruction to individual learning needs in real-time; Managing classroom dynamics and student behavior; Mentoring students through personal and academic challenges; Developing creative and engaging hands-on lessons
"Career/Technical Education Teachers, Postsecondary",81,111150,61490,0.7,Large language model automation of analysis tasks; AI-generated curriculum and lesson plan content; Generative AI producing marketing and creative copy; Adaptive learning technology replacing remedial roles,50,Managing classroom dynamics and student behavior; Developing creative and engaging hands-on lessons; Mentoring students through personal and academic challenges; Adapting instruction to individual learning needs in real-time
"Career/Technical Education Teachers, Secondary School",71,104450,63910,-1.8,Virtual classroom platforms reducing instructor demand; Large language model automation of analysis tasks; Automated grading and assessment tools,38,Inspiring and motivating students through personal connection; Developing creative and engaging hands-on lessons; Adapting instruction to individual learning needs in real-time; Managing classroom dynamics and student behavior
Cargo and Freight Agents,69,97800,49900,8.5,Large language model automation of analysis tasks; Automated invoice and expense processing; Smart form extraction replacing manual data processing; AI-generated written content replacing manual drafting,66,Coordinating complex multi-party events and logistics; Handling confidential and politically sensitive information; Building trust-based relationships with executives
Carpenters,50,697740,59310,4.5,3D printing of building components; Autonomous heavy equipment operation; Robotic bricklaying and prefabrication automation; Drone-based site surveying and inspection,57,Client-facing consultation on custom project needs; Adapting to unique building configurations on-site; Real-time safety judgment in hazardous conditions; Fine motor craftsmanship in custom installations
Carpet Installers,53,14980,49850,-9.6,Robotic bricklaying and prefabrication automation; Autonomous heavy equipment operation; BIM-integrated automated progress tracking; Drone-based site surveying and inspection; AI project scheduling and resource optimization,72,Fine motor craftsmanship in custom installations; Real-time safety judgment in hazardous conditions; Physical work in confined or elevated spaces
Cartographers and Photogrammetrists,95,12790,78380,6.4,Automated data interpretation and insight generation; AI-assisted CAD and generative design tools; Large language model automation of analysis tasks; Generative AI producing marketing and creative copy,69,Client communication and technical consultation; Novel engineering design for unprecedented challenges; On-site problem-solving in variable physical conditions
Cashiers,61,3148030,31190,-9.9,Chatbot displacement of customer-facing interactions; Large language model automation of analysis tasks; AI summarization replacing manual report compilation; Self-checkout and cashierless store technology; AI-powered product recommendation engines,79,Reading customer emotional cues and adapting approach; Negotiating bespoke deals with multiple stakeholders; Consultative selling for complex or high-value products
Cement Masons and Concrete Finishers,10,205230,54660,1.8,Autonomous heavy equipment operation; AI project scheduling and resource optimization; BIM-integrated automated progress tracking; Robotic bricklaying and prefabrication automation,52,Real-time safety judgment in hazardous conditions; Fine motor craftsmanship in custom installations; Client-facing consultation on custom project needs; Physical work in confined or elevated spaces
Chefs and Head Cooks,67,182320,60990,7.1,AI inventory management and waste reduction; Self-ordering kiosks and mobile app displacement; AI summarization replacing manual report compilation,39,Hospitality and personalized guest experiences; Food presentation requiring artistic and tactile skill; Adapting to real-time dietary and allergy requests; Creative menu development and flavor innovation
Chemical Engineers,67,20330,121860,2.6,Robotic inspection and testing automation; Automated structural and systems analysis software; Simulation and digital twin automation,30,Cross-disciplinary collaboration on complex projects; Novel engineering design for unprecedented challenges; Safety-critical judgment in design review; On-site problem-solving in variable physical conditions
Chemical Equipment Operators and Tenders,53,127410,57090,3.3,Industrial robotics replacing manual assembly tasks; Predictive maintenance reducing manual inspection roles; AI quality inspection via computer vision systems; Smart factory scheduling and production optimization,59,Handling non-standard materials and configurations; Coordinating workflow across diverse production teams; Setup and calibration of custom production runs; Quality judgment requiring tactile and visual inspection
Chemical Plant and System Operators,53,17840,73540,-6.1,Smart factory scheduling and production optimization; Cobots handling repetitive material handling tasks; Industrial robotics replacing manual assembly tasks; Predictive maintenance reducing manual inspection roles,66,Coordinating workflow across diverse production teams; Setup and calibration of custom production runs; Quality judgment requiring tactile and visual inspection
Chemical Technicians,72,55640,57790,3.7,AI-accelerated data analysis and pattern recognition; Automated laboratory instrumentation and workflows; AI coding assistants reducing developer demand; AI-powered research and literature review tools,54,Collaborative scientific discourse and peer review; Designing novel experiments and research methodologies; Fieldwork in unstructured natural environments; Ethical oversight of research involving human subjects
"Chemistry Teachers, Postsecondary",86,20390,86220,2.2,AI tutoring systems providing personalized instruction; Virtual classroom platforms reducing instructor demand; AI coding assistants reducing developer demand; Adaptive learning technology replacing remedial roles,52,Inspiring and motivating students through personal connection; Adapting instruction to individual learning needs in real-time; Developing creative and engaging hands-on lessons; Managing classroom dynamics and student behavior
Chemists,74,83250,84150,4.9,Machine learning models replacing manual hypothesis testing; AI literature review and meta-analysis automation; AI-powered research and literature review tools; Generative AI producing marketing and creative copy,41,Ethical oversight of research involving human subjects; Collaborative scientific discourse and peer review; Fieldwork in unstructured natural environments; Interpreting ambiguous results with domain expertise
Chief Executives,86,211850,206420,4.3,AI-driven workforce planning and scheduling; Large language model automation of analysis tasks; AI strategic decision-support dashboards,27,Strategic vision-setting in uncertain markets; Inspiring and leading teams through organizational change; Building organizational culture and employee engagement; Conflict resolution and mediation across departments; Navigating complex interpersonal and political dynamics
"Child, Family, and School Social Workers",86,382960,58570,3.4,AI translation and accessibility tools reducing interpreter needs; AI-driven case management and resource matching; AI-generated written content replacing manual drafting,36,Deep empathetic engagement with vulnerable populations; Navigating complex family and community dynamics; Cultural sensitivity in diverse community contexts; Crisis intervention requiring immediate human judgment
Childcare Workers,67,520180,32050,-2.9,AI-generated written content replacing manual drafting; Chatbot displacement of customer-facing interactions; Large language model automation of analysis tasks; AI-powered research and literature review tools,46,Adapting techniques to individual body types and preferences; Building trust and rapport with repeat clients; Personalized hands-on service requiring tactile skill; Creative aesthetic judgment for individual clients
Chiropractors,78,37630,79000,9.5,Administrative automation of medical billing and coding; Large language model automation of analysis tasks; Telehealth platforms automating triage and intake,35,Empathetic patient communication and bedside manner; Interdisciplinary care coordination; Complex clinical judgment in ambiguous presentations; Ethical decision-making in end-of-life situations
Choreographers,74,3430,55600,6.1,AI copywriting tools reducing editorial demand; Automated content curation and social media management; AI summarization replacing manual report compilation,33,Physical artistry and hands-on creative execution; Cultural interpretation and contextual sensitivity; Emotionally resonant storytelling and narrative craft; Live performance and audience engagement
Civil Engineering Technologists and Technicians,81,62130,64200,2.1,AI coding assistants reducing developer demand; AI-optimized manufacturing process design; Automated data interpretation and insight generation; Chatbot displacement of customer-facing interactions,56,Cross-disciplinary collaboration on complex projects; Client communication and technical consultation; Novel engineering design for unprecedented challenges; Safety-critical judgment in design review
Civil Engineers,71,355410,99590,5,Large language model automation of analysis tasks; Simulation and digital twin automation; AI-powered research and literature review tools,32,Novel engineering design for unprecedented challenges; On-site problem-solving in variable physical conditions; Cross-disciplinary collaboration on complex projects; Safety-critical judgment in design review
"Claims Adjusters, Examiners, and Investigators",87,305020,76790,-5.1,AI-generated written content replacing manual drafting; AI-driven fraud detection replacing manual review; Generative AI producing marketing and creative copy; AI-powered research and literature review tools,70,Ethical judgment in fiduciary and advisory roles; Crisis financial decision-making under uncertainty; Stakeholder management in complex organizational settings
Cleaners of Vehicles and Equipment,22,373960,35270,3.9,AI traffic management and fleet coordination; Automated warehouse sorting and loading systems; Autonomous vehicle and self-driving truck technology; Predictive maintenance reducing manual inspection needs,42,Navigating unpredictable road and weather conditions; Emergency situation response and quick decision-making; Customer interaction and conflict resolution during delivery; Manual loading of irregular and fragile cargo
"Cleaning, Washing, and Metal Pickling Equipment Operators and Tenders",53,13890,41460,3.6,Industrial robotics replacing manual assembly tasks; Cobots handling repetitive material handling tasks; Automated CNC programming and machine operation; Predictive maintenance reducing manual inspection roles,59,Coordinating workflow across diverse production teams; Quality judgment requiring tactile and visual inspection; Handling non-standard materials and configurations; Troubleshooting complex equipment malfunctions
Clergy,81,58080,60820,1,AI coding assistants reducing developer demand; AI summarization replacing manual report compilation; AI-powered research and literature review tools,31,Deep empathetic engagement with vulnerable populations; Navigating complex family and community dynamics; Cultural sensitivity in diverse community contexts; Advocacy and relationship-building with institutions
Clinical and Counseling Psychologists,81,72190,95830,11.2,Large language model automation of analysis tasks; AI-accelerated data analysis and pattern recognition; AI literature review and meta-analysis automation,31,Ethical oversight of research involving human subjects; Collaborative scientific discourse and peer review; Fieldwork in unstructured natural environments; Interpreting ambiguous results with domain expertise
Clinical Laboratory Technologists and Technicians,35,343040,61890,1.7,Automated patient monitoring and alert systems; AI-assisted diagnostic imaging reducing radiologist workload; AI clinical decision-support tools guiding treatment; Telehealth platforms automating triage and intake,50,Empathetic patient communication and bedside manner; Interdisciplinary care coordination; Ethical decision-making in end-of-life situations; Complex clinical judgment in ambiguous presentations
Coaches and Scouts,78,250940,45920,6.4,AI video editing and post-production automation; AI music composition and audio production; AI summarization replacing manual report compilation,35,Live performance and audience engagement; Original creative vision and artistic direction; Collaborative creative ideation and brainstorming; Emotionally resonant storytelling and narrative craft
"Coating, Painting, and Spraying Machine Setters, Operators, and Tenders",34,159500,47590,0.7,Industrial robotics replacing manual assembly tasks; Smart factory scheduling and production optimization; Predictive maintenance reducing manual inspection roles; Cobots handling repetitive material handling tasks,60,Setup and calibration of custom production runs; Handling non-standard materials and configurations; Quality judgment requiring tactile and visual inspection
"Coil Winders, Tapers, and Finishers",46,12170,47260,-6.3,Automated CNC programming and machine operation; Cobots handling repetitive material handling tasks; Smart factory scheduling and production optimization; AI quality inspection via computer vision systems,58,Coordinating workflow across diverse production teams; Quality judgment requiring tactile and visual inspection; Handling non-standard materials and configurations; Setup and calibration of custom production runs
"Coin, Vending, and Amusement Machine Servicers and Repairers",44,28260,47350,-2.9,AI parts inventory and supply chain optimization; Automated fault detection via IoT sensor networks; Augmented reality-guided remote diagnostics; Robotic inspection of hard-to-reach equipment,62,"Working in confined, elevated, or hazardous spaces; Diagnosing novel equipment failures through physical inspection; Adapting repairs to non-standard or legacy equipment"
Commercial and Industrial Designers,83,30250,79450,3.2,AI music composition and audio production; Large language model automation of analysis tasks; AI copywriting tools reducing editorial demand,38,Original creative vision and artistic direction; Live performance and audience engagement; Emotionally resonant storytelling and narrative craft; Collaborative creative ideation and brainstorming
Commercial Divers,36,3430,61130,8.5,Predictive maintenance AI reducing reactive repair needs; Augmented reality-guided remote diagnostics; AI parts inventory and supply chain optimization,37,"Diagnosing novel equipment failures through physical inspection; Working in confined, elevated, or hazardous spaces; Customer communication about technical issues; Hands-on fine motor work in intricate machinery"
Commercial Pilots,70,51830,122670,5.1,AI-generated written content replacing manual drafting; Drone delivery displacing last-mile logistics workers; Automated data interpretation and insight generation; Automated warehouse sorting and loading systems,50,Emergency situation response and quick decision-making; Customer interaction and conflict resolution during delivery; Navigating complex urban environments with obstacles; Navigating unpredictable road and weather conditions
Communications Equipment Operators,35,41070,38600,-25.4,Robotic process automation of data entry workflows; AI scheduling and calendar management assistants; Smart form extraction replacing manual data processing; Automated invoice and expense processing,57,Exercising discretion in ambiguous administrative decisions; Coordinating complex multi-party events and logistics; Handling confidential and politically sensitive information; Building trust-based relationships with executives
"Communications Equipment Operators, All Other",35,1390,49910,2.5,AI-powered email triage and response drafting; Automated invoice and expense processing; Intelligent document processing and OCR automation,36,Handling confidential and politically sensitive information; Managing sensitive interpersonal workplace situations; Building trust-based relationships with executives; Coordinating complex multi-party events and logistics
"Communications Teachers, Postsecondary",95,29260,77800,2.1,AI-generated written content replacing manual drafting; AI summarization replacing manual report compilation; AI-powered research and literature review tools; Automated grading and assessment tools,54,Managing classroom dynamics and student behavior; Adapting instruction to individual learning needs in real-time; Mentoring students through personal and academic challenges; Inspiring and motivating students through personal connection
"Community and Social Service Specialists, All Other",35,110390,54940,4.6,Data analytics optimizing community program delivery; AI translation and accessibility tools reducing interpreter needs; AI-driven case management and resource matching,31,Cultural sensitivity in diverse community contexts; Crisis intervention requiring immediate human judgment; Advocacy and relationship-building with institutions; Navigating complex family and community dynamics
Community Health Workers,95,60730,51030,11.3,Large language model automation of analysis tasks; Automated data interpretation and insight generation; Automated eligibility assessment for social programs; AI-powered research and literature review tools,48,Cultural sensitivity in diverse community contexts; Crisis intervention requiring immediate human judgment; Navigating complex family and community dynamics; Deep empathetic engagement with vulnerable populations
Compensation and Benefits Managers,90,20070,140360,0.2,AI strategic decision-support dashboards; Large language model automation of analysis tasks; AI-powered research and literature review tools; AI-driven workforce planning and scheduling,59,Conflict resolution and mediation across departments; Strategic vision-setting in uncertain markets; Navigating complex interpersonal and political dynamics; Inspiring and leading teams through organizational change
"Compensation, Benefits, and Job Analysis Specialists",87,102370,77020,5.3,Robotic process automation for accounting workflows; Algorithmic trading and AI portfolio management; AI summarization replacing manual report compilation; AI-generated written content replacing manual drafting,50,Stakeholder management in complex organizational settings; Navigating regulatory ambiguity and compliance judgment; Crisis financial decision-making under uncertainty; Strategic advisory requiring deep client relationship knowledge
Compliance Officers,85,397770,78420,3,Robotic process automation for accounting workflows; AI-driven fraud detection replacing manual review; Large language model automation of analysis tasks,40,Ethical judgment in fiduciary and advisory roles; Navigating regulatory ambiguity and compliance judgment; Strategic advisory requiring deep client relationship knowledge; Crisis financial decision-making under uncertainty
Computer and Information Research Scientists,83,38480,140910,19.7,Cloud automation reducing infrastructure management roles; Automated testing and CI/CD pipeline intelligence; Large language model automation of analysis tasks,30,Stakeholder negotiation and requirements elicitation; Mentoring junior developers and team leadership; Cross-functional collaboration on ambiguous problems; Architecting novel systems requiring creative problem-solving
Computer and Information Systems Managers,86,645970,171200,15.2,Project management automation and resource allocation AI; AI strategic decision-support dashboards; AI-powered research and literature review tools,30,Strategic vision-setting in uncertain markets; Building organizational culture and employee engagement; Navigating complex interpersonal and political dynamics; Inspiring and leading teams through organizational change
Computer Hardware Engineers,67,75710,155020,7.3,Automated data interpretation and insight generation; AI-generated written content replacing manual drafting; AI coding assistants reducing developer demand,34,Novel engineering design for unprecedented challenges; On-site problem-solving in variable physical conditions; Cross-disciplinary collaboration on complex projects; Client communication and technical consultation
Computer Network Architects,76,177010,130390,11.9,Cloud automation reducing infrastructure management roles; AI summarization replacing manual report compilation; Generative AI producing marketing and creative copy,39,Stakeholder negotiation and requirements elicitation; Crisis debugging of complex production incidents; Cross-functional collaboration on ambiguous problems; Ethical AI oversight and bias auditing
Computer Network Support Specialists,64,146450,73340,1.8,Large language model automation of analysis tasks; Machine learning model auto-tuning displacing ML engineers; Automated data interpretation and insight generation; AI summarization replacing manual report compilation,49,Ethical AI oversight and bias auditing; Stakeholder negotiation and requirements elicitation; Architecting novel systems requiring creative problem-solving; Cross-functional collaboration on ambiguous problems
Computer Numerically Controlled Tool Operators,42,176950,49970,-10.7,Automated CNC programming and machine operation; Cobots handling repetitive material handling tasks; AI quality inspection via computer vision systems; Industrial robotics replacing manual assembly tasks,57,Troubleshooting complex equipment malfunctions; Coordinating workflow across diverse production teams; Quality judgment requiring tactile and visual inspection; Setup and calibration of custom production runs
Computer Numerically Controlled Tool Programmers,76,28230,65670,12.8,Large language model automation of analysis tasks; Cobots handling repetitive material handling tasks; Chatbot displacement of customer-facing interactions; Industrial robotics replacing manual assembly tasks,48,Quality judgment requiring tactile and visual inspection; Setup and calibration of custom production runs; Troubleshooting complex equipment malfunctions; Coordinating workflow across diverse production teams
Computer Occupations,35,4786660,105990,8.6,AI pair-programming and code generation tools; AI-driven cybersecurity threat detection replacing analysts; Machine learning model auto-tuning displacing ML engineers,26,Mentoring junior developers and team leadership; Ethical AI oversight and bias auditing; Architecting novel systems requiring creative problem-solving; Stakeholder negotiation and requirements elicitation; Crisis debugging of complex production incidents
"Computer Occupations, All Other",79,439380,108970,8.2,Generative AI producing marketing and creative copy; Cloud automation reducing infrastructure management roles; Low-code / no-code platforms reducing custom development,40,Architecting novel systems requiring creative problem-solving; Stakeholder negotiation and requirements elicitation; Ethical AI oversight and bias auditing; Crisis debugging of complex production incidents
Computer Programmers,72,109870,98670,-6,Automated testing and CI/CD pipeline intelligence; Chatbot displacement of customer-facing interactions; AI coding assistants reducing developer demand; AI-driven cybersecurity threat detection replacing analysts,53,Stakeholder negotiation and requirements elicitation; Ethical AI oversight and bias auditing; Architecting novel systems requiring creative problem-solving; Mentoring junior developers and team leadership
"Computer Science Teachers, Postsecondary",95,36240,96690,5.3,Chatbot displacement of customer-facing interactions; AI-generated written content replacing manual drafting; Adaptive learning technology replacing remedial roles; Virtual classroom platforms reducing instructor demand,48,Developing creative and engaging hands-on lessons; Mentoring students through personal and academic challenges; Managing classroom dynamics and student behavior; Adapting instruction to individual learning needs in real-time
Computer Systems Analysts,75,497800,103790,8.7,Machine learning model auto-tuning displacing ML engineers; Large language model automation of analysis tasks; AI coding assistants reducing developer demand,30,Stakeholder negotiation and requirements elicitation; Mentoring junior developers and team leadership; Crisis debugging of complex production incidents; Cross-functional collaboration on ambiguous problems
Computer User Support Specialists,61,697210,60340,-3.7,AI pair-programming and code generation tools; Automated testing and CI/CD pipeline intelligence; AI-powered research and literature review tools; Low-code / no-code platforms reducing custom development,50,Architecting novel systems requiring creative problem-solving; Stakeholder negotiation and requirements elicitation; Crisis debugging of complex production incidents; Mentoring junior developers and team leadership
"Computer, Automated Teller, and Office Machine Repairers",49,73010,46860,-0.9,AI parts inventory and supply chain optimization; Robotic inspection of hard-to-reach equipment; Augmented reality-guided remote diagnostics; Predictive maintenance AI reducing reactive repair needs,59,"Diagnosing novel equipment failures through physical inspection; Working in confined, elevated, or hazardous spaces; Adapting repairs to non-standard or legacy equipment; Customer communication about technical issues"
Concierges,53,44200,37320,2.3,Virtual try-on technology reducing in-person consultations; Robotic massage and physical therapy devices; AI fitness coaching apps displacing personal trainers,29,Adapting techniques to individual body types and preferences; Building trust and rapport with repeat clients; Creative aesthetic judgment for individual clients; Emotional support and active listening during sessions; Personalized hands-on service requiring tactile skill
Conservation Scientists,75,25590,67950,3.4,Robotic sample preparation and experimentation; AI literature review and meta-analysis automation; Machine learning models replacing manual hypothesis testing,36,Fieldwork in unstructured natural environments; Interpreting ambiguous results with domain expertise; Ethical oversight of research involving human subjects; Collaborative scientific discourse and peer review
Construction and Building Inspectors,62,137210,72120,-0.8,AI-generated written content replacing manual drafting; Chatbot displacement of customer-facing interactions; Generative AI producing marketing and creative copy; AI project scheduling and resource optimization,56,Navigating unpredictable and unstructured job sites; Physical work in confined or elevated spaces; Adapting to unique building configurations on-site; Client-facing consultation on custom project needs
Construction Laborers,34,1057660,46730,7.3,Robotic bricklaying and prefabrication automation; Autonomous heavy equipment operation; 3D printing of building components; Drone-based site surveying and inspection,59,Fine motor craftsmanship in custom installations; Adapting to unique building configurations on-site; Real-time safety judgment in hazardous conditions; Physical work in confined or elevated spaces
Construction Managers,81,348330,106980,8.7,AI strategic decision-support dashboards; Generative AI producing marketing and creative copy; Automated performance analytics and reporting,31,Strategic vision-setting in uncertain markets; Building organizational culture and employee engagement; Navigating complex interpersonal and political dynamics; Conflict resolution and mediation across departments
Construction Trades Workers,35,4691890,56490,5.8,Drone-based site surveying and inspection; Robotic bricklaying and prefabrication automation; 3D printing of building components,35,Navigating unpredictable and unstructured job sites; Fine motor craftsmanship in custom installations; Physical work in confined or elevated spaces; Real-time safety judgment in hazardous conditions
Continuous Mining Machine Operators,10,14340,63380,0.6,AI project scheduling and resource optimization; Autonomous heavy equipment operation; 3D printing of building components; Drone-based site surveying and inspection,43,Fine motor craftsmanship in custom installations; Real-time safety judgment in hazardous conditions; Adapting to unique building configurations on-site; Navigating unpredictable and unstructured job sites
"Control and Valve Installers and Repairers, Except Mechanical Door",53,46920,74690,1.3,Predictive maintenance AI reducing reactive repair needs; Automated fault detection via IoT sensor networks; Robotic inspection of hard-to-reach equipment; AI parts inventory and supply chain optimization,53,"Hands-on fine motor work in intricate machinery; Diagnosing novel equipment failures through physical inspection; Working in confined, elevated, or hazardous spaces; Adapting repairs to non-standard or legacy equipment"
Conveyor Operators and Tenders,48,26060,41230,-3.4,Autonomous vehicle and self-driving truck technology; Automated warehouse sorting and loading systems; AI route optimization reducing dispatcher roles; Drone delivery displacing last-mile logistics workers,67,Navigating complex urban environments with obstacles; Emergency situation response and quick decision-making; Manual loading of irregular and fragile cargo
Cooks and Food Preparation Workers,35,3632290,35450,2.7,Automated dishwashing and kitchen cleaning systems; AI inventory management and waste reduction; Robotic food delivery within establishments; Automated food preparation and cooking robotics,51,Creative menu development and flavor innovation; Hospitality and personalized guest experiences; Food presentation requiring artistic and tactile skill; Managing chaotic high-volume service environments
"Cooks, All Other",35,23590,36210,5.5,Robotic food delivery within establishments; Self-ordering kiosks and mobile app displacement; Automated dishwashing and kitchen cleaning systems; Automated food preparation and cooking robotics,50,Managing chaotic high-volume service environments; Food presentation requiring artistic and tactile skill; Hospitality and personalized guest experiences; Adapting to real-time dietary and allergy requests
"Cooks, Fast Food",31,668230,30160,-13.5,Self-ordering kiosks and mobile app displacement; Robotic food delivery within establishments; Automated dishwashing and kitchen cleaning systems; Automated food preparation and cooking robotics,69,Hospitality and personalized guest experiences; Adapting to real-time dietary and allergy requests; Food presentation requiring artistic and tactile skill
"Cooks, Institution and Cafeteria",38,448260,36450,2,Automated food preparation and cooking robotics; Self-ordering kiosks and mobile app displacement; Robotic food delivery within establishments; AI inventory management and waste reduction,59,Creative menu development and flavor innovation; Food presentation requiring artistic and tactile skill; Managing chaotic high-volume service environments; Adapting to real-time dietary and allergy requests
"Cooks, Private Household",44,900,44530,5.1,Automated dishwashing and kitchen cleaning systems; Robotic food delivery within establishments; AI inventory management and waste reduction; Self-ordering kiosks and mobile app displacement,44,Adapting to real-time dietary and allergy requests; Food presentation requiring artistic and tactile skill; Managing chaotic high-volume service environments; Hospitality and personalized guest experiences
"Cooks, Restaurant",44,1452130,36830,14.9,Automated food preparation and cooking robotics; Self-ordering kiosks and mobile app displacement; AI inventory management and waste reduction; Robotic food delivery within establishments,62,Food presentation requiring artistic and tactile skill; Managing chaotic high-volume service environments; Creative menu development and flavor innovation
"Cooks, Short Order",53,150420,35620,-5.6,AI inventory management and waste reduction; Self-ordering kiosks and mobile app displacement; Automated dishwashing and kitchen cleaning systems; Robotic food delivery within establishments; Automated food preparation and cooking robotics,71,Hospitality and personalized guest experiences; Food presentation requiring artistic and tactile skill; Creative menu development and flavor innovation
Cooling and Freezing Equipment Operators and Tenders,67,6590,40160,7.2,AI quality inspection via computer vision systems; Automated data interpretation and insight generation; Chatbot displacement of customer-facing interactions; Predictive maintenance reducing manual inspection roles,68,Troubleshooting complex equipment malfunctions; Setup and calibration of custom production runs; Quality judgment requiring tactile and visual inspection
Correctional Officers and Jailers,59,365380,57970,-7.8,AI-powered surveillance and threat detection systems; Automated access control and identity verification; Drone-based perimeter monitoring and response; Predictive policing and crime analytics,61,Community relationship-building and trust development; Split-second judgment in life-threatening situations; Navigating legally and ethically complex enforcement scenarios
Correspondence Clerks,87,6260,46740,-5.6,Automated invoice and expense processing; AI-powered email triage and response drafting; AI summarization replacing manual report compilation; AI scheduling and calendar management assistants; Generative AI producing marketing and creative copy,75,Coordinating complex multi-party events and logistics; Exercising discretion in ambiguous administrative decisions; Building trust-based relationships with executives
Cost Estimators,86,219530,77070,-4.2,Automated financial reporting and reconciliation; AI-driven fraud detection replacing manual review; Algorithmic trading and AI portfolio management; AI summarization replacing manual report compilation,60,Navigating regulatory ambiguity and compliance judgment; Strategic advisory requiring deep client relationship knowledge; Ethical judgment in fiduciary and advisory roles
Costume Attendants,59,6290,54810,5.9,AI-powered skincare and beauty recommendation apps; Virtual try-on technology reducing in-person consultations; Automated booking and client management platforms; Robotic massage and physical therapy devices,53,Personalized hands-on service requiring tactile skill; Creative aesthetic judgment for individual clients; Emotional support and active listening during sessions; Building trust and rapport with repeat clients
"Counselors, All Other",35,33340,49830,12.6,AI-driven case management and resource matching; AI translation and accessibility tools reducing interpreter needs; Automated eligibility assessment for social programs,24,Advocacy and relationship-building with institutions; Cultural sensitivity in diverse community contexts; Crisis intervention requiring immediate human judgment; Navigating complex family and community dynamics; Deep empathetic engagement with vulnerable populations
"Counselors, Social Workers, and Other Community and Social Service Specialists",35,2477920,57480,7.6,AI translation and accessibility tools reducing interpreter needs; Chatbot counseling and mental health screening tools; AI-driven case management and resource matching,35,Crisis intervention requiring immediate human judgment; Navigating complex family and community dynamics; Advocacy and relationship-building with institutions; Cultural sensitivity in diverse community contexts
Counter and Rental Clerks,31,398620,38540,3.2,AI-powered product recommendation engines; Chatbot and virtual assistant sales displacement; Automated CRM lead scoring and outreach; E-commerce automation reducing in-store sales staff,62,Resolving novel customer complaints with empathy; Consultative selling for complex or high-value products; Reading customer emotional cues and adapting approach
Couriers and Messengers,61,71920,38340,8.2,AI coding assistants reducing developer demand; AI-powered email triage and response drafting; AI-powered research and literature review tools; AI summarization replacing manual report compilation,67,Exercising discretion in ambiguous administrative decisions; Coordinating complex multi-party events and logistics; Handling confidential and politically sensitive information
Court Reporters and Simultaneous Captioners,67,12630,67310,-0.3,Generative AI creating visual art and design assets; AI video editing and post-production automation; AI summarization replacing manual report compilation; Automated data interpretation and insight generation,49,Physical artistry and hands-on creative execution; Emotionally resonant storytelling and narrative craft; Live performance and audience engagement; Cultural interpretation and contextual sensitivity
"Court, Municipal, and License Clerks",95,170010,47700,3,Smart form extraction replacing manual data processing; AI summarization replacing manual report compilation; AI coding assistants reducing developer demand; Large language model automation of analysis tasks,59,Coordinating complex multi-party events and logistics; Building trust-based relationships with executives; Managing sensitive interpersonal workplace situations; Handling confidential and politically sensitive information
Craft Artists,95,4370,38480,2.1,Text-to-image tools displacing graphic design work; AI video editing and post-production automation; AI music composition and audio production,36,Cultural interpretation and contextual sensitivity; Physical artistry and hands-on creative execution; Emotionally resonant storytelling and narrative craft; Live performance and audience engagement
Crane and Tower Operators,38,42000,66370,3,Autonomous vehicle and self-driving truck technology; AI traffic management and fleet coordination; Drone delivery displacing last-mile logistics workers; Automated warehouse sorting and loading systems,59,Emergency situation response and quick decision-making; Manual loading of irregular and fragile cargo; Customer interaction and conflict resolution during delivery; Navigating unpredictable road and weather conditions
Credit Analysts,95,67370,80970,-4.4,Automated financial reporting and reconciliation; AI credit scoring and underwriting models; AI-generated written content replacing manual drafting; Chatbot displacement of customer-facing interactions; Generative AI producing marketing and creative copy,76,Navigating regulatory ambiguity and compliance judgment; Stakeholder management in complex organizational settings; Ethical judgment in fiduciary and advisory roles
"Credit Authorizers, Checkers, and Clerks",95,11960,49130,-6.2,Robotic process automation of data entry workflows; AI scheduling and calendar management assistants; Smart form extraction replacing manual data processing; Large language model automation of analysis tasks; Automated data interpretation and insight generation,80,Handling confidential and politically sensitive information; Building trust-based relationships with executives; Coordinating complex multi-party events and logistics
Credit Counselors,95,28110,50480,3.3,Robotic process automation for accounting workflows; AI credit scoring and underwriting models; Generative AI producing marketing and creative copy,38,Ethical judgment in fiduciary and advisory roles; Navigating regulatory ambiguity and compliance judgment; Strategic advisory requiring deep client relationship knowledge; Crisis financial decision-making under uncertainty
Crematory Operators,53,2950,42880,3.3,AI-powered skincare and beauty recommendation apps; AI fitness coaching apps displacing personal trainers; Automated booking and client management platforms; Robotic massage and physical therapy devices,46,Personalized hands-on service requiring tactile skill; Emotional support and active listening during sessions; Building trust and rapport with repeat clients; Adapting techniques to individual body types and preferences
"Criminal Justice and Law Enforcement Teachers, Postsecondary",95,13560,71470,2,AI tutoring systems providing personalized instruction; AI coding assistants reducing developer demand; Large language model automation of analysis tasks; Generative AI producing marketing and creative copy,55,Inspiring and motivating students through personal connection; Mentoring students through personal and academic challenges; Adapting instruction to individual learning needs in real-time; Managing classroom dynamics and student behavior
Crossing Guards and Flaggers,53,90180,37700,3.6,Autonomous patrol and security robots; AI-powered surveillance and threat detection systems; Automated access control and identity verification; Predictive policing and crime analytics,47,Community relationship-building and trust development; De-escalation of volatile interpersonal confrontations; Physical apprehension and emergency response; Split-second judgment in life-threatening situations
"Crushing, Grinding, and Polishing Machine Setters, Operators, and Tenders",53,28550,46890,-2.5,Industrial robotics replacing manual assembly tasks; Predictive maintenance reducing manual inspection roles; Cobots handling repetitive material handling tasks; Smart factory scheduling and production optimization,68,Coordinating workflow across diverse production teams; Troubleshooting complex equipment malfunctions; Quality judgment requiring tactile and visual inspection
Curators,75,12280,61770,7,Adaptive learning technology replacing remedial roles; Virtual classroom platforms reducing instructor demand; AI-powered research and literature review tools,32,Mentoring students through personal and academic challenges; Managing classroom dynamics and student behavior; Developing creative and engaging hands-on lessons; Adapting instruction to individual learning needs in real-time
Customer Service Representatives,95,2725930,42830,-5.5,Large language model automation of analysis tasks; AI coding assistants reducing developer demand; Chatbot displacement of customer-facing interactions; Automated invoice and expense processing,64,Handling confidential and politically sensitive information; Building trust-based relationships with executives; Coordinating complex multi-party events and logistics
"Cutters and Trimmers, Hand",67,7070,38800,-18.1,Industrial robotics replacing manual assembly tasks; Predictive maintenance reducing manual inspection roles; AI coding assistants reducing developer demand; Generative AI producing marketing and creative copy; AI summarization replacing manual report compilation,77,Troubleshooting complex equipment malfunctions; Quality judgment requiring tactile and visual inspection; Setup and calibration of custom production runs
"Cutting and Slicing Machine Setters, Operators, and Tenders",42,47540,45700,-2.3,Automated CNC programming and machine operation; AI quality inspection via computer vision systems; Smart factory scheduling and production optimization; Industrial robotics replacing manual assembly tasks,63,Coordinating workflow across diverse production teams; Setup and calibration of custom production runs; Quality judgment requiring tactile and visual inspection
"Cutting, Punching, and Press Machine Setters, Operators, and Tenders, Metal and Plastic",44,174430,45590,-12.1,Automated CNC programming and machine operation; Predictive maintenance reducing manual inspection roles; Smart factory scheduling and production optimization; Cobots handling repetitive material handling tasks,70,Troubleshooting complex equipment malfunctions; Quality judgment requiring tactile and visual inspection; Handling non-standard materials and configurations
Dancers,53,9060,40000,4.5,AI copywriting tools reducing editorial demand; AI music composition and audio production; Generative AI creating visual art and design assets,40,Cultural interpretation and contextual sensitivity; Physical artistry and hands-on creative execution; Original creative vision and artistic direction; Live performance and audience engagement
Data Entry Keyers,95,135280,39850,-25.9,Large language model automation of analysis tasks; AI summarization replacing manual report compilation; Automated invoice and expense processing; Smart form extraction replacing manual data processing; Generative AI producing marketing and creative copy,95,Managing sensitive interpersonal workplace situations; Building trust-based relationships with executives; Exercising discretion in ambiguous administrative decisions
Data Scientists,81,233440,112590,33.5,Low-code / no-code platforms reducing custom development; AI pair-programming and code generation tools; Machine learning model auto-tuning displacing ML engineers; Large language model automation of analysis tasks,45,Architecting novel systems requiring creative problem-solving; Crisis debugging of complex production incidents; Mentoring junior developers and team leadership; Stakeholder negotiation and requirements elicitation
Database Administrators,74,73180,104620,-0.7,Chatbot displacement of customer-facing interactions; AI pair-programming and code generation tools; AI-generated written content replacing manual drafting,37,Architecting novel systems requiring creative problem-solving; Ethical AI oversight and bias auditing; Mentoring junior developers and team leadership; Stakeholder negotiation and requirements elicitation
Database Architects,72,64770,135980,8.7,Cloud automation reducing infrastructure management roles; Low-code / no-code platforms reducing custom development; Large language model automation of analysis tasks,40,Stakeholder negotiation and requirements elicitation; Mentoring junior developers and team leadership; Crisis debugging of complex production incidents; Cross-functional collaboration on ambiguous problems
Demonstrators and Product Promoters,74,64770,37960,-0.1,Large language model automation of analysis tasks; AI-powered research and literature review tools; AI-generated written content replacing manual drafting; Chatbot displacement of customer-facing interactions,57,Building long-term client relationships and trust; Consultative selling for complex or high-value products; Resolving novel customer complaints with empathy; Reading customer emotional cues and adapting approach
Dental Assistants,59,375430,47300,6.4,Telehealth reducing in-person support staffing needs; Administrative automation of health records management; AI-driven vital sign monitoring and alerting; Robotic assistance in patient mobility and care,53,Compassionate hands-on patient care and comfort; Responding to unpredictable patient emergencies; Adapting to individual patient emotional needs; Building rapport with patients and families
Dental Hygienists,74,219070,94260,7,Generative AI producing marketing and creative copy; AI-powered research and literature review tools; Chatbot displacement of customer-facing interactions; Telehealth platforms automating triage and intake,57,Hands-on physical examination and procedures; Interdisciplinary care coordination; Complex clinical judgment in ambiguous presentations; Empathetic patient communication and bedside manner
Dental Laboratory Technicians,38,33920,48310,-4.7,Industrial robotics replacing manual assembly tasks; Cobots handling repetitive material handling tasks; Predictive maintenance reducing manual inspection roles; Smart factory scheduling and production optimization,52,Handling non-standard materials and configurations; Coordinating workflow across diverse production teams; Troubleshooting complex equipment malfunctions; Setup and calibration of custom production runs
"Dentists, All Other Specialists",35,5900,225770,0.3,Administrative automation of medical billing and coding; Telehealth platforms automating triage and intake; Automated patient monitoring and alert systems,13,Interdisciplinary care coordination; Emergency triage requiring rapid human judgment; Ethical decision-making in end-of-life situations; Hands-on physical examination and procedures; Empathetic patient communication and bedside manner
"Dentists, General",81,113490,172790,4.1,Telehealth platforms automating triage and intake; Large language model automation of analysis tasks; AI-assisted diagnostic imaging reducing radiologist workload,24,Interdisciplinary care coordination; Empathetic patient communication and bedside manner; Emergency triage requiring rapid human judgment; Complex clinical judgment in ambiguous presentations; Ethical decision-making in end-of-life situations
Dermatologists,74,10080,239200,6.4,Large language model automation of analysis tasks; Administrative automation of medical billing and coding; Chatbot displacement of customer-facing interactions; AI summarization replacing manual report compilation,47,Empathetic patient communication and bedside manner; Interdisciplinary care coordination; Ethical decision-making in end-of-life situations; Hands-on physical examination and procedures
"Derrick Operators, Oil and Gas",31,11040,62740,0.5,BIM-integrated automated progress tracking; 3D printing of building components; Autonomous heavy equipment operation; AI project scheduling and resource optimization,55,Client-facing consultation on custom project needs; Navigating unpredictable and unstructured job sites; Adapting to unique building configurations on-site; Physical work in confined or elevated spaces
"Designers, All Other",35,9680,66220,2,Generative AI creating visual art and design assets; AI video editing and post-production automation; AI copywriting tools reducing editorial demand,37,Collaborative creative ideation and brainstorming; Live performance and audience engagement; Physical artistry and hands-on creative execution; Original creative vision and artistic direction
Desktop Publishers,81,4000,53620,-12.4,Robotic process automation of data entry workflows; AI-powered email triage and response drafting; AI summarization replacing manual report compilation; Chatbot displacement of customer-facing interactions,56,Exercising discretion in ambiguous administrative decisions; Coordinating complex multi-party events and logistics; Handling confidential and politically sensitive information; Building trust-based relationships with executives
Detectives and Criminal Investigators,82,110790,93580,-0.7,Predictive policing and crime analytics; Automated access control and identity verification; AI-generated written content replacing manual drafting; Drone-based perimeter monitoring and response,48,Navigating legally and ethically complex enforcement scenarios; Community relationship-building and trust development; Physical apprehension and emergency response; De-escalation of volatile interpersonal confrontations
Diagnostic Medical Sonographers,69,86460,89340,13,AI-assisted diagnostic imaging reducing radiologist workload; Large language model automation of analysis tasks; Telehealth platforms automating triage and intake; AI coding assistants reducing developer demand,47,Empathetic patient communication and bedside manner; Emergency triage requiring rapid human judgment; Complex clinical judgment in ambiguous presentations; Hands-on physical examination and procedures
Dietetic Technicians,83,29950,37040,2.5,Telehealth platforms automating triage and intake; Large language model automation of analysis tasks; AI-generated written content replacing manual drafting; Generative AI producing marketing and creative copy,47,Interdisciplinary care coordination; Complex clinical judgment in ambiguous presentations; Emergency triage requiring rapid human judgment; Ethical decision-making in end-of-life situations
Dietitians and Nutritionists,72,76570,73850,5.5,Large language model automation of analysis tasks; Automated data interpretation and insight generation; Telehealth platforms automating triage and intake,34,Empathetic patient communication and bedside manner; Emergency triage requiring rapid human judgment; Complex clinical judgment in ambiguous presentations; Hands-on physical examination and procedures
Dining Room and Cafeteria Attendants and Bartender Helpers,10,522010,32670,6.3,Automated food preparation and cooking robotics; Automated dishwashing and kitchen cleaning systems; Self-ordering kiosks and mobile app displacement; Robotic food delivery within establishments,57,Food presentation requiring artistic and tactile skill; Hospitality and personalized guest experiences; Managing chaotic high-volume service environments; Adapting to real-time dietary and allergy requests
"Directors, Religious Activities and Education",95,21460,54840,2.1,AI-driven case management and resource matching; AI-powered research and literature review tools; AI coding assistants reducing developer demand,30,Deep empathetic engagement with vulnerable populations; Navigating complex family and community dynamics; Cultural sensitivity in diverse community contexts; Advocacy and relationship-building with institutions
"Disc Jockeys, Except Radio",71,8170,42000,3.8,AI music composition and audio production; AI video editing and post-production automation; AI copywriting tools reducing editorial demand; Generative AI creating visual art and design assets,47,Original creative vision and artistic direction; Live performance and audience engagement; Collaborative creative ideation and brainstorming; Cultural interpretation and contextual sensitivity
Dishwashers,10,471670,33670,0.2,Robotic food delivery within establishments; Automated dishwashing and kitchen cleaning systems; Automated food preparation and cooking robotics; Self-ordering kiosks and mobile app displacement,47,Adapting to real-time dietary and allergy requests; Food presentation requiring artistic and tactile skill; Managing chaotic high-volume service environments; Hospitality and personalized guest experiences
"Dispatchers, Except Police, Fire, and Ambulance",53,211000,48880,-0.9,AI-powered email triage and response drafting; Robotic process automation of data entry workflows; Smart form extraction replacing manual data processing; AI scheduling and calendar management assistants,66,Managing sensitive interpersonal workplace situations; Coordinating complex multi-party events and logistics; Exercising discretion in ambiguous administrative decisions
"Door-to-Door Sales Workers, News and Street Vendors, and Related Workers",95,4590,34530,-10,Self-checkout and cashierless store technology; AI summarization replacing manual report compilation; AI-powered research and literature review tools; Dynamic pricing algorithms replacing pricing roles; Large language model automation of analysis tasks,84,Building long-term client relationships and trust; Resolving novel customer complaints with empathy; Negotiating bespoke deals with multiple stakeholders
"Drafters, All Other",35,16010,62010,-6.9,AI-optimized manufacturing process design; Automated structural and systems analysis software; Robotic inspection and testing automation; Simulation and digital twin automation,54,Safety-critical judgment in design review; Client communication and technical consultation; Cross-disciplinary collaboration on complex projects; Novel engineering design for unprecedented challenges
"Drafters, Engineering Technicians, and Mapping Technicians",35,623870,66390,1.3,AI-assisted CAD and generative design tools; AI-optimized manufacturing process design; Robotic inspection and testing automation,34,Novel engineering design for unprecedented challenges; Client communication and technical consultation; Cross-disciplinary collaboration on complex projects; On-site problem-solving in variable physical conditions
Dredge Operators,10,1030,48430,1.2,Drone delivery displacing last-mile logistics workers; Autonomous vehicle and self-driving truck technology; Automated warehouse sorting and loading systems; Predictive maintenance reducing manual inspection needs,55,Navigating unpredictable road and weather conditions; Emergency situation response and quick decision-making; Manual loading of irregular and fragile cargo; Customer interaction and conflict resolution during delivery
"Drilling and Boring Machine Tool Setters, Operators, and Tenders, Metal and Plastic",24,5310,46630,-19.6,Automated CNC programming and machine operation; Cobots handling repetitive material handling tasks; AI quality inspection via computer vision systems; Predictive maintenance reducing manual inspection roles; Industrial robotics replacing manual assembly tasks,79,Quality judgment requiring tactile and visual inspection; Troubleshooting complex equipment malfunctions; Coordinating workflow across diverse production teams
Driver/Sales Workers,67,417420,37130,8.8,Large language model automation of analysis tasks; AI route optimization reducing dispatcher roles; Drone delivery displacing last-mile logistics workers; AI summarization replacing manual report compilation,70,Navigating unpredictable road and weather conditions; Emergency situation response and quick decision-making; Customer interaction and conflict resolution during delivery
Drywall and Ceiling Tile Installers,24,82900,58140,4.2,Robotic bricklaying and prefabrication automation; Drone-based site surveying and inspection; BIM-integrated automated progress tracking; 3D printing of building components,54,Client-facing consultation on custom project needs; Navigating unpredictable and unstructured job sites; Adapting to unique building configurations on-site; Physical work in confined or elevated spaces
"Earth Drillers, Except Oil and Gas",49,17410,59600,2.9,AI project scheduling and resource optimization; 3D printing of building components; Drone-based site surveying and inspection; BIM-integrated automated progress tracking,58,Navigating unpredictable and unstructured job sites; Adapting to unique building configurations on-site; Fine motor craftsmanship in custom installations; Physical work in confined or elevated spaces
"Economics Teachers, Postsecondary",95,12420,119980,2.1,AI-generated curriculum and lesson plan content; Large language model automation of analysis tasks; Adaptive learning technology replacing remedial roles; Automated data interpretation and insight generation,51,Adapting instruction to individual learning needs in real-time; Inspiring and motivating students through personal connection; Mentoring students through personal and academic challenges; Developing creative and engaging hands-on lessons
Economists,95,15880,115440,1.2,Generative AI producing marketing and creative copy; Large language model automation of analysis tasks; Machine learning models replacing manual hypothesis testing; AI-powered research and literature review tools,48,Interpreting ambiguous results with domain expertise; Ethical oversight of research involving human subjects; Designing novel experiments and research methodologies; Fieldwork in unstructured natural environments
Editors,86,95480,75260,0.6,Automated data interpretation and insight generation; Text-to-image tools displacing graphic design work; AI-powered research and literature review tools,39,Original creative vision and artistic direction; Physical artistry and hands-on creative execution; Cultural interpretation and contextual sensitivity; Emotionally resonant storytelling and narrative craft
"Education Administrators, All Other",35,53330,89040,2.5,Project management automation and resource allocation AI; AI strategic decision-support dashboards; Automated performance analytics and reporting,21,Inspiring and leading teams through organizational change; Conflict resolution and mediation across departments; Navigating complex interpersonal and political dynamics; Building organizational culture and employee engagement; Strategic vision-setting in uncertain markets
"Education Administrators, Kindergarten through Secondary",81,319630,104070,-1.5,Project management automation and resource allocation AI; AI strategic decision-support dashboards; AI coding assistants reducing developer demand,31,Conflict resolution and mediation across departments; Inspiring and leading teams through organizational change; Strategic vision-setting in uncertain markets; Building organizational culture and employee engagement
"Education Administrators, Postsecondary",89,176420,103960,1.7,AI summarization replacing manual report compilation; Automated performance analytics and reporting; AI-driven workforce planning and scheduling,34,Navigating complex interpersonal and political dynamics; Inspiring and leading teams through organizational change; Building organizational culture and employee engagement; Conflict resolution and mediation across departments
"Education and Childcare Administrators, Preschool and Daycare",85,71620,56270,-2.5,Project management automation and resource allocation AI; Automated performance analytics and reporting; AI coding assistants reducing developer demand; AI-driven workforce planning and scheduling,45,Strategic vision-setting in uncertain markets; Conflict resolution and mediation across departments; Building organizational culture and employee engagement; Navigating complex interpersonal and political dynamics
"Education Teachers, Postsecondary",95,59090,72090,2.1,AI coding assistants reducing developer demand; Generative AI producing marketing and creative copy; AI-generated written content replacing manual drafting; Large language model automation of analysis tasks,55,Developing creative and engaging hands-on lessons; Mentoring students through personal and academic challenges; Managing classroom dynamics and student behavior; Adapting instruction to individual learning needs in real-time
"Educational Instruction and Library Workers, All Other",35,114640,48400,1.5,AI tutoring systems providing personalized instruction; Virtual classroom platforms reducing instructor demand; Adaptive learning technology replacing remedial roles,36,Inspiring and motivating students through personal connection; Adapting instruction to individual learning needs in real-time; Managing classroom dynamics and student behavior; Mentoring students through personal and academic challenges
"Educational, Guidance, and Career Counselors and Advisors",72,342350,65140,3.5,AI-generated written content replacing manual drafting; Data analytics optimizing community program delivery; Generative AI producing marketing and creative copy,32,Advocacy and relationship-building with institutions; Deep empathetic engagement with vulnerable populations; Navigating complex family and community dynamics; Cultural sensitivity in diverse community contexts
"Electric Motor, Power Tool, and Related Repairers",25,16570,53990,3.4,Predictive maintenance AI reducing reactive repair needs; Automated fault detection via IoT sensor networks; Augmented reality-guided remote diagnostics; Robotic inspection of hard-to-reach equipment,51,"Customer communication about technical issues; Adapting repairs to non-standard or legacy equipment; Working in confined, elevated, or hazardous spaces; Hands-on fine motor work in intricate machinery"
Electrical and Electronic Engineering Technologists and Technicians,65,92710,77180,0.6,Generative AI producing marketing and creative copy; AI coding assistants reducing developer demand; Automated structural and systems analysis software; Chatbot displacement of customer-facing interactions,59,Client communication and technical consultation; Cross-disciplinary collaboration on complex projects; Safety-critical judgment in design review; On-site problem-solving in variable physical conditions
"Electrical and Electronic Equipment Mechanics, Installers, and Repairers",35,479930,60980,1.3,Automated fault detection via IoT sensor networks; Robotic inspection of hard-to-reach equipment; AI parts inventory and supply chain optimization,35,"Hands-on fine motor work in intricate machinery; Customer communication about technical issues; Adapting repairs to non-standard or legacy equipment; Working in confined, elevated, or hazardous spaces"
Electrical and Electronics Drafters,67,20020,73720,-5.6,AI-assisted CAD and generative design tools; Automated data interpretation and insight generation; AI-generated written content replacing manual drafting; AI coding assistants reducing developer demand,65,Safety-critical judgment in design review; Novel engineering design for unprecedented challenges; On-site problem-solving in variable physical conditions
"Electrical and Electronics Installers and Repairers, Transportation Equipment",46,7310,82730,6.1,Automated fault detection via IoT sensor networks; Augmented reality-guided remote diagnostics; AI parts inventory and supply chain optimization; Robotic inspection of hard-to-reach equipment,59,Customer communication about technical issues; Diagnosing novel equipment failures through physical inspection; Hands-on fine motor work in intricate machinery; Adapting repairs to non-standard or legacy equipment
"Electrical and Electronics Repairers, Commercial and Industrial Equipment",55,59990,71300,-0.8,Predictive maintenance AI reducing reactive repair needs; Robotic inspection of hard-to-reach equipment; Augmented reality-guided remote diagnostics; Automated fault detection via IoT sensor networks,48,"Working in confined, elevated, or hazardous spaces; Adapting repairs to non-standard or legacy equipment; Customer communication about technical issues; Diagnosing novel equipment failures through physical inspection"
"Electrical and Electronics Repairers, Powerhouse, Substation, and Relay",56,23040,100940,5.5,Robotic inspection of hard-to-reach equipment; AI parts inventory and supply chain optimization; Augmented reality-guided remote diagnostics; Automated fault detection via IoT sensor networks,44,"Diagnosing novel equipment failures through physical inspection; Working in confined, elevated, or hazardous spaces; Adapting repairs to non-standard or legacy equipment; Customer communication about technical issues"
Electrical Engineers,68,188790,111910,7.2,AI-optimized manufacturing process design; Robotic inspection and testing automation; Automated structural and systems analysis software,34,Safety-critical judgment in design review; Novel engineering design for unprecedented challenges; Client communication and technical consultation; On-site problem-solving in variable physical conditions
Electrical Power-Line Installers and Repairers,31,123680,92560,6.6,Robotic inspection of hard-to-reach equipment; Augmented reality-guided remote diagnostics; Automated fault detection via IoT sensor networks,28,"Working in confined, elevated, or hazardous spaces; Customer communication about technical issues; Adapting repairs to non-standard or legacy equipment; Hands-on fine motor work in intricate machinery; Diagnosing novel equipment failures through physical inspection"
"Electrical, Electronic, and Electromechanical Assemblers, Except Coil Winders, Tapers, and Finishers",35,261140,44040,4.6,Cobots handling repetitive material handling tasks; Predictive maintenance reducing manual inspection roles; Smart factory scheduling and production optimization; Industrial robotics replacing manual assembly tasks,53,Coordinating workflow across diverse production teams; Troubleshooting complex equipment malfunctions; Quality judgment requiring tactile and visual inspection; Handling non-standard materials and configurations
Electricians,46,742580,62350,9.5,Autonomous heavy equipment operation; Robotic bricklaying and prefabrication automation; Drone-based site surveying and inspection,32,Navigating unpredictable and unstructured job sites; Fine motor craftsmanship in custom installations; Real-time safety judgment in hazardous conditions; Adapting to unique building configurations on-site
Electro-Mechanical and Mechatronics Technologists and Technicians,62,14680,70760,1.1,AI-assisted CAD and generative design tools; Simulation and digital twin automation; Large language model automation of analysis tasks; Chatbot displacement of customer-facing interactions,57,Novel engineering design for unprecedented challenges; On-site problem-solving in variable physical conditions; Cross-disciplinary collaboration on complex projects; Safety-critical judgment in design review
"Electronic Equipment Installers and Repairers, Motor Vehicles",38,10140,47940,-13.6,Predictive maintenance AI reducing reactive repair needs; Robotic inspection of hard-to-reach equipment; Automated fault detection via IoT sensor networks; Augmented reality-guided remote diagnostics,65,"Adapting repairs to non-standard or legacy equipment; Hands-on fine motor work in intricate machinery; Working in confined, elevated, or hazardous spaces"
"Electronics Engineers, Except Computer",76,93940,127590,6.2,Automated data interpretation and insight generation; AI summarization replacing manual report compilation; Chatbot displacement of customer-facing interactions,29,Cross-disciplinary collaboration on complex projects; Safety-critical judgment in design review; On-site problem-solving in variable physical conditions; Client communication and technical consultation; Novel engineering design for unprecedented challenges
"Elementary School Teachers, Except Special Education",74,1393310,62340,-2,AI coding assistants reducing developer demand; AI tutoring systems providing personalized instruction; Automated data interpretation and insight generation,34,Mentoring students through personal and academic challenges; Developing creative and engaging hands-on lessons; Managing classroom dynamics and student behavior; Adapting instruction to individual learning needs in real-time
Elevator and Escalator Installers and Repairers,31,23340,106580,5,BIM-integrated automated progress tracking; Autonomous heavy equipment operation; AI project scheduling and resource optimization,39,Client-facing consultation on custom project needs; Navigating unpredictable and unstructured job sites; Fine motor craftsmanship in custom installations; Real-time safety judgment in hazardous conditions
"Eligibility Interviewers, Government Programs",95,156260,51500,1,AI coding assistants reducing developer demand; AI scheduling and calendar management assistants; AI-generated written content replacing manual drafting; Large language model automation of analysis tasks,66,Exercising discretion in ambiguous administrative decisions; Coordinating complex multi-party events and logistics; Handling confidential and politically sensitive information
Embalmers,61,3420,56280,1.3,Automated data interpretation and insight generation; AI-powered skincare and beauty recommendation apps; AI coding assistants reducing developer demand; AI-powered research and literature review tools,54,Creative aesthetic judgment for individual clients; Emotional support and active listening during sessions; Adapting techniques to individual body types and preferences; Building trust and rapport with repeat clients
Emergency Management Directors,81,12570,86130,3,AI-driven workforce planning and scheduling; Automated performance analytics and reporting; AI-powered research and literature review tools,35,Conflict resolution and mediation across departments; Strategic vision-setting in uncertain markets; Navigating complex interpersonal and political dynamics; Building organizational culture and employee engagement
Emergency Medical Technicians,61,177980,41340,5.1,AI summarization replacing manual report compilation; AI-assisted diagnostic imaging reducing radiologist workload; AI-generated written content replacing manual drafting,40,Empathetic patient communication and bedside manner; Complex clinical judgment in ambiguous presentations; Emergency triage requiring rapid human judgment; Interdisciplinary care coordination
Emergency Medicine Physicians,83,33680,239200,2.7,Large language model automation of analysis tasks; Telehealth platforms automating triage and intake; Generative AI producing marketing and creative copy; AI summarization replacing manual report compilation,54,Hands-on physical examination and procedures; Complex clinical judgment in ambiguous presentations; Emergency triage requiring rapid human judgment; Empathetic patient communication and bedside manner
Engine and Other Machine Assemblers,19,38420,52540,-21.1,Predictive maintenance reducing manual inspection roles; Industrial robotics replacing manual assembly tasks; Automated CNC programming and machine operation; Smart factory scheduling and production optimization; AI quality inspection via computer vision systems,74,Handling non-standard materials and configurations; Coordinating workflow across diverse production teams; Setup and calibration of custom production runs
"Engineering Teachers, Postsecondary",95,39910,106120,8.1,AI summarization replacing manual report compilation; Large language model automation of analysis tasks; AI tutoring systems providing personalized instruction; Virtual classroom platforms reducing instructor demand,52,Inspiring and motivating students through personal connection; Adapting instruction to individual learning needs in real-time; Managing classroom dynamics and student behavior; Mentoring students through personal and academic challenges
"Engineering Technologists and Technicians, Except Drafters, All Other",65,64410,77390,1.5,AI-optimized manufacturing process design; Chatbot displacement of customer-facing interactions; Automated structural and systems analysis software; Simulation and digital twin automation,42,Cross-disciplinary collaboration on complex projects; Novel engineering design for unprecedented challenges; Safety-critical judgment in design review; Client communication and technical consultation
Engineers,35,1746750,106070,6.9,AI-assisted CAD and generative design tools; AI-optimized manufacturing process design; Robotic inspection and testing automation,20,Cross-disciplinary collaboration on complex projects; Client communication and technical consultation; Safety-critical judgment in design review; On-site problem-solving in variable physical conditions; Novel engineering design for unprecedented challenges
"Engineers, All Other",69,150750,117750,2.1,Simulation and digital twin automation; AI-assisted CAD and generative design tools; AI-powered research and literature review tools,30,Safety-critical judgment in design review; On-site problem-solving in variable physical conditions; Cross-disciplinary collaboration on complex projects; Novel engineering design for unprecedented challenges
"English Language and Literature Teachers, Postsecondary",95,59590,78270,0,Automated data interpretation and insight generation; AI tutoring systems providing personalized instruction; Automated grading and assessment tools; Chatbot displacement of customer-facing interactions,47,Inspiring and motivating students through personal connection; Adapting instruction to individual learning needs in real-time; Managing classroom dynamics and student behavior; Mentoring students through personal and academic challenges
"Entertainers and Performers, Sports and Related Workers",35,550830,54870,4.1,Automated content curation and social media management; AI music composition and audio production; AI copywriting tools reducing editorial demand,35,Collaborative creative ideation and brainstorming; Emotionally resonant storytelling and narrative craft; Live performance and audience engagement; Cultural interpretation and contextual sensitivity
"Entertainers and Performers, Sports and Related Workers, All Other",35,15040,45000,6,AI music composition and audio production; Generative AI creating visual art and design assets; AI copywriting tools reducing editorial demand,35,Physical artistry and hands-on creative execution; Original creative vision and artistic direction; Cultural interpretation and contextual sensitivity; Live performance and audience engagement
"Entertainment and Recreation Managers, Except Gambling",70,36700,77180,7.7,Chatbot-based employee self-service reducing HR management; AI summarization replacing manual report compilation; AI-driven workforce planning and scheduling,35,Inspiring and leading teams through organizational change; Conflict resolution and mediation across departments; Strategic vision-setting in uncertain markets; Navigating complex interpersonal and political dynamics
Entertainment Attendants and Related Workers,35,627560,31200,2.3,AI-powered skincare and beauty recommendation apps; Robotic massage and physical therapy devices; AI fitness coaching apps displacing personal trainers,37,Personalized hands-on service requiring tactile skill; Building trust and rapport with repeat clients; Adapting techniques to individual body types and preferences; Creative aesthetic judgment for individual clients
"Entertainment Attendants and Related Workers, All Other",35,8060,34550,3.6,Automated booking and client management platforms; Virtual try-on technology reducing in-person consultations; AI-powered skincare and beauty recommendation apps,38,Adapting techniques to individual body types and preferences; Creative aesthetic judgment for individual clients; Building trust and rapport with repeat clients; Emotional support and active listening during sessions
Environmental Engineering Technologists and Technicians,80,12500,58890,1.2,Chatbot displacement of customer-facing interactions; AI coding assistants reducing developer demand; Simulation and digital twin automation; Automated data interpretation and insight generation,46,Novel engineering design for unprecedented challenges; On-site problem-solving in variable physical conditions; Cross-disciplinary collaboration on complex projects; Client communication and technical consultation
Environmental Engineers,78,37950,104170,3.9,AI-powered research and literature review tools; AI-generated written content replacing manual drafting; AI-optimized manufacturing process design,33,Safety-critical judgment in design review; Client communication and technical consultation; Novel engineering design for unprecedented challenges; Cross-disciplinary collaboration on complex projects
"Environmental Science and Protection Technicians, Including Health",80,39390,49490,4,AI coding assistants reducing developer demand; Large language model automation of analysis tasks; Chatbot displacement of customer-facing interactions; AI literature review and meta-analysis automation,67,Ethical oversight of research involving human subjects; Collaborative scientific discourse and peer review; Fieldwork in unstructured natural environments
"Environmental Science Teachers, Postsecondary",95,7130,87710,2.9,AI-generated written content replacing manual drafting; Adaptive learning technology replacing remedial roles; Virtual classroom platforms reducing instructor demand; Automated data interpretation and insight generation,54,Mentoring students through personal and academic challenges; Managing classroom dynamics and student behavior; Developing creative and engaging hands-on lessons; Adapting instruction to individual learning needs in real-time
"Environmental Scientists and Specialists, Including Health",82,84930,80060,4.4,AI literature review and meta-analysis automation; AI-generated written content replacing manual drafting; Generative AI producing marketing and creative copy,35,Collaborative scientific discourse and peer review; Interpreting ambiguous results with domain expertise; Fieldwork in unstructured natural environments; Designing novel experiments and research methodologies
Epidemiologists,86,11460,83980,16.2,Robotic sample preparation and experimentation; AI-generated written content replacing manual drafting; AI literature review and meta-analysis automation; Chatbot displacement of customer-facing interactions,42,Interpreting ambiguous results with domain expertise; Fieldwork in unstructured natural environments; Ethical oversight of research involving human subjects; Collaborative scientific discourse and peer review
Etchers and Engravers,53,8390,40450,-0.7,Smart factory scheduling and production optimization; Industrial robotics replacing manual assembly tasks; AI quality inspection via computer vision systems; Cobots handling repetitive material handling tasks,64,Coordinating workflow across diverse production teams; Setup and calibration of custom production runs; Handling non-standard materials and configurations
"Excavating and Loading Machine and Dragline Operators, Surface Mining",29,34210,52550,-0.4,BIM-integrated automated progress tracking; 3D printing of building components; Robotic bricklaying and prefabrication automation; Drone-based site surveying and inspection,57,Client-facing consultation on custom project needs; Fine motor craftsmanship in custom installations; Navigating unpredictable and unstructured job sites; Real-time safety judgment in hazardous conditions
Executive Secretaries and Executive Administrative Assistants,90,472770,74260,-1.6,Intelligent document processing and OCR automation; AI scheduling and calendar management assistants; Generative AI producing marketing and creative copy; Automated data interpretation and insight generation,69,Exercising discretion in ambiguous administrative decisions; Building trust-based relationships with executives; Managing sensitive interpersonal workplace situations
Exercise Physiologists,81,8110,58160,9.5,AI-assisted diagnostic imaging reducing radiologist workload; Telehealth platforms automating triage and intake; Chatbot displacement of customer-facing interactions,36,Empathetic patient communication and bedside manner; Ethical decision-making in end-of-life situations; Interdisciplinary care coordination; Emergency triage requiring rapid human judgment
Exercise Trainers and Group Fitness Instructors,74,303620,46180,11.9,AI summarization replacing manual report compilation; AI coding assistants reducing developer demand; Generative AI producing marketing and creative copy,40,Building trust and rapport with repeat clients; Personalized hands-on service requiring tactile skill; Creative aesthetic judgment for individual clients; Adapting techniques to individual body types and preferences
"Explosives Workers, Ordnance Handling Experts, and Blasters",38,5680,59110,-0.9,Robotic bricklaying and prefabrication automation; Drone-based site surveying and inspection; AI project scheduling and resource optimization; BIM-integrated automated progress tracking,46,Fine motor craftsmanship in custom installations; Navigating unpredictable and unstructured job sites; Real-time safety judgment in hazardous conditions; Physical work in confined or elevated spaces
Extraction Workers,35,212920,56020,-0.3,BIM-integrated automated progress tracking; Robotic bricklaying and prefabrication automation; Autonomous heavy equipment operation,29,Client-facing consultation on custom project needs; Fine motor craftsmanship in custom installations; Adapting to unique building configurations on-site; Navigating unpredictable and unstructured job sites; Physical work in confined or elevated spaces
"Extraction Workers, All Other",35,6070,50110,1.4,3D printing of building components; Drone-based site surveying and inspection; BIM-integrated automated progress tracking,36,Client-facing consultation on custom project needs; Navigating unpredictable and unstructured job sites; Fine motor craftsmanship in custom installations; Real-time safety judgment in hazardous conditions
"Extruding and Drawing Machine Setters, Operators, and Tenders, Metal and Plastic",10,65700,46980,1.2,Industrial robotics replacing manual assembly tasks; Predictive maintenance reducing manual inspection roles; Smart factory scheduling and production optimization; Cobots handling repetitive material handling tasks,55,Setup and calibration of custom production runs; Coordinating workflow across diverse production teams; Troubleshooting complex equipment malfunctions; Quality judgment requiring tactile and visual inspection
"Extruding and Forming Machine Setters, Operators, and Tenders, Synthetic and Glass Fibers",53,14900,44980,-1.1,AI quality inspection via computer vision systems; Predictive maintenance reducing manual inspection roles; Cobots handling repetitive material handling tasks; Smart factory scheduling and production optimization,64,Quality judgment requiring tactile and visual inspection; Setup and calibration of custom production runs; Coordinating workflow across diverse production teams
"Extruding, Forming, Pressing, and Compacting Machine Setters, Operators, and Tenders",48,57310,45130,2,Industrial robotics replacing manual assembly tasks; AI quality inspection via computer vision systems; Automated CNC programming and machine operation; Predictive maintenance reducing manual inspection roles,64,Troubleshooting complex equipment malfunctions; Quality judgment requiring tactile and visual inspection; Setup and calibration of custom production runs
Fabric and Apparel Patternmakers,67,2860,67670,-10.2,Industrial robotics replacing manual assembly tasks; AI quality inspection via computer vision systems; AI coding assistants reducing developer demand,33,Troubleshooting complex equipment malfunctions; Quality judgment requiring tactile and visual inspection; Handling non-standard materials and configurations; Setup and calibration of custom production runs
Facilities Managers,67,141090,104690,3.8,Chatbot displacement of customer-facing interactions; AI strategic decision-support dashboards; AI-powered research and literature review tools; Automated performance analytics and reporting,50,Inspiring and leading teams through organizational change; Conflict resolution and mediation across departments; Navigating complex interpersonal and political dynamics; Strategic vision-setting in uncertain markets
Fallers,10,4110,53900,-7.3,Autonomous harvesting and planting machinery; Satellite and sensor-based yield prediction models; Robotic sorting and packing of produce; Drone crop monitoring and precision spraying,57,Operating in unstructured and remote environments; Managing livestock behavior and welfare; Adapting to variable weather and terrain conditions; Sustainable land management judgment calls
"Family and Consumer Sciences Teachers, Postsecondary",95,2630,77280,3.4,Automated grading and assessment tools; AI-powered research and literature review tools; AI tutoring systems providing personalized instruction; AI summarization replacing manual report compilation,54,Managing classroom dynamics and student behavior; Adapting instruction to individual learning needs in real-time; Developing creative and engaging hands-on lessons; Mentoring students through personal and academic challenges
Family Medicine Physicians,95,107950,238380,2.7,Large language model automation of analysis tasks; Automated patient monitoring and alert systems; AI-generated written content replacing manual drafting; Generative AI producing marketing and creative copy,46,Hands-on physical examination and procedures; Complex clinical judgment in ambiguous presentations; Ethical decision-making in end-of-life situations; Empathetic patient communication and bedside manner
Farm and Home Management Educators,95,10260,58120,-2.5,AI tutoring systems providing personalized instruction; Automated grading and assessment tools; AI-powered research and literature review tools; AI summarization replacing manual report compilation,47,Inspiring and motivating students through personal connection; Adapting instruction to individual learning needs in real-time; Managing classroom dynamics and student behavior; Mentoring students through personal and academic challenges
Farm Equipment Mechanics and Service Technicians,31,36880,52080,11,Augmented reality-guided remote diagnostics; AI parts inventory and supply chain optimization; Robotic inspection of hard-to-reach equipment; Predictive maintenance AI reducing reactive repair needs,54,"Diagnosing novel equipment failures through physical inspection; Working in confined, elevated, or hazardous spaces; Adapting repairs to non-standard or legacy equipment; Hands-on fine motor work in intricate machinery"
Farm Labor Contractors,95,410,48690,6,Generative AI producing marketing and creative copy; Algorithmic trading and AI portfolio management; AI-powered research and literature review tools; Large language model automation of analysis tasks,59,Strategic advisory requiring deep client relationship knowledge; Navigating regulatory ambiguity and compliance judgment; Stakeholder management in complex organizational settings; Ethical judgment in fiduciary and advisory roles
"Farmers, Ranchers, and Other Agricultural Managers",75,5910,87980,-1.3,Automated performance analytics and reporting; Automated data interpretation and insight generation; Chatbot-based employee self-service reducing HR management,38,Conflict resolution and mediation across departments; Strategic vision-setting in uncertain markets; Building organizational culture and employee engagement; Navigating complex interpersonal and political dynamics
"Farmworkers and Laborers, Crop, Nursery, and Greenhouse",34,261690,35690,-3.3,Autonomous harvesting and planting machinery; Drone crop monitoring and precision spraying; AI-driven irrigation and soil analysis systems; Robotic sorting and packing of produce,63,Operating in unstructured and remote environments; Assessing crop health through hands-on field inspection; Adapting to variable weather and terrain conditions
"Farmworkers, Farm, Ranch, and Aquacultural Animals",22,35420,36150,-5,Drone crop monitoring and precision spraying; Robotic sorting and packing of produce; Satellite and sensor-based yield prediction models; Autonomous harvesting and planting machinery,62,Sustainable land management judgment calls; Adapting to variable weather and terrain conditions; Managing livestock behavior and welfare
Fashion Designers,71,20910,80690,2,AI coding assistants reducing developer demand; AI copywriting tools reducing editorial demand; AI summarization replacing manual report compilation,23,Emotionally resonant storytelling and narrative craft; Physical artistry and hands-on creative execution; Cultural interpretation and contextual sensitivity; Live performance and audience engagement; Collaborative creative ideation and brainstorming
Fast Food and Counter Workers,46,3780930,30480,6.1,AI inventory management and waste reduction; Automated food preparation and cooking robotics; Automated dishwashing and kitchen cleaning systems; Robotic food delivery within establishments,64,Food presentation requiring artistic and tactile skill; Hospitality and personalized guest experiences; Adapting to real-time dietary and allergy requests
Fence Erectors,10,22640,46940,4.6,Autonomous heavy equipment operation; 3D printing of building components; Drone-based site surveying and inspection; Robotic bricklaying and prefabrication automation,56,Client-facing consultation on custom project needs; Adapting to unique building configurations on-site; Navigating unpredictable and unstructured job sites; Fine motor craftsmanship in custom installations
Fiberglass Laminators and Fabricators,31,18520,45760,4.2,Smart factory scheduling and production optimization; Industrial robotics replacing manual assembly tasks; AI quality inspection via computer vision systems; Predictive maintenance reducing manual inspection roles,60,Handling non-standard materials and configurations; Setup and calibration of custom production runs; Quality judgment requiring tactile and visual inspection
File Clerks,87,78980,41270,-15.9,AI summarization replacing manual report compilation; Large language model automation of analysis tasks; AI scheduling and calendar management assistants; Automated invoice and expense processing; AI-generated written content replacing manual drafting,87,Handling confidential and politically sensitive information; Building trust-based relationships with executives; Managing sensitive interpersonal workplace situations
Film and Video Editors,74,28860,70980,4,AI-generated written content replacing manual drafting; Generative AI creating visual art and design assets; Generative AI producing marketing and creative copy; AI video editing and post-production automation,48,Cultural interpretation and contextual sensitivity; Physical artistry and hands-on creative execution; Collaborative creative ideation and brainstorming; Original creative vision and artistic direction
Financial and Investment Analysts,81,340580,101350,5.7,Automated data interpretation and insight generation; AI summarization replacing manual report compilation; Robotic process automation for accounting workflows,39,Crisis financial decision-making under uncertainty; Stakeholder management in complex organizational settings; Navigating regulatory ambiguity and compliance judgment; Strategic advisory requiring deep client relationship knowledge
Financial Clerks,35,2645000,47370,-6.7,Intelligent document processing and OCR automation; Smart form extraction replacing manual data processing; AI scheduling and calendar management assistants; Robotic process automation of data entry workflows,43,Coordinating complex multi-party events and logistics; Handling confidential and politically sensitive information; Building trust-based relationships with executives; Exercising discretion in ambiguous administrative decisions
"Financial Clerks, All Other",35,37030,52150,1.4,Robotic process automation of data entry workflows; AI scheduling and calendar management assistants; AI-powered email triage and response drafting,36,Coordinating complex multi-party events and logistics; Managing sensitive interpersonal workplace situations; Building trust-based relationships with executives; Exercising discretion in ambiguous administrative decisions
Financial Examiners,88,62830,90400,18.5,Robotic process automation for accounting workflows; AI credit scoring and underwriting models; Automated data interpretation and insight generation; AI coding assistants reducing developer demand,43,Navigating regulatory ambiguity and compliance judgment; Crisis financial decision-making under uncertainty; Ethical judgment in fiduciary and advisory roles; Strategic advisory requiring deep client relationship knowledge
Financial Managers,91,818620,161700,14.8,Large language model automation of analysis tasks; AI strategic decision-support dashboards; Generative AI producing marketing and creative copy,34,Building organizational culture and employee engagement; Conflict resolution and mediation across departments; Strategic vision-setting in uncertain markets; Navigating complex interpersonal and political dynamics
Financial Risk Specialists,95,56320,106000,6.5,Large language model automation of analysis tasks; Generative AI producing marketing and creative copy; Algorithmic trading and AI portfolio management; AI summarization replacing manual report compilation,54,Stakeholder management in complex organizational settings; Ethical judgment in fiduciary and advisory roles; Strategic advisory requiring deep client relationship knowledge; Crisis financial decision-making under uncertainty
Financial Specialists,35,3033120,82140,4.5,Algorithmic trading and AI portfolio management; Automated financial reporting and reconciliation; Automated tax preparation and compliance tools,31,Strategic advisory requiring deep client relationship knowledge; Stakeholder management in complex organizational settings; Navigating regulatory ambiguity and compliance judgment; Crisis financial decision-making under uncertainty
"Financial Specialists, All Other",81,127450,80190,3.1,Automated financial reporting and reconciliation; Automated tax preparation and compliance tools; AI summarization replacing manual report compilation; AI-generated written content replacing manual drafting,43,Navigating regulatory ambiguity and compliance judgment; Stakeholder management in complex organizational settings; Crisis financial decision-making under uncertainty; Strategic advisory requiring deep client relationship knowledge
"Fine Artists, Including Painters, Sculptors, and Illustrators",70,10000,60560,-1.2,Large language model automation of analysis tasks; Chatbot displacement of customer-facing interactions; Generative AI creating visual art and design assets,36,Collaborative creative ideation and brainstorming; Original creative vision and artistic direction; Physical artistry and hands-on creative execution; Live performance and audience engagement
Fire Inspectors and Investigators,68,14050,78060,3.8,Drone-based perimeter monitoring and response; Predictive policing and crime analytics; Large language model automation of analysis tasks; Automated data interpretation and insight generation,51,Split-second judgment in life-threatening situations; Community relationship-building and trust development; De-escalation of volatile interpersonal confrontations; Physical apprehension and emergency response
Firefighters,30,332240,59530,3.4,Automated access control and identity verification; Predictive policing and crime analytics; Drone-based perimeter monitoring and response,32,Community relationship-building and trust development; Split-second judgment in life-threatening situations; Navigating legally and ethically complex enforcement scenarios; De-escalation of volatile interpersonal confrontations
Firefighting and Prevention Workers,35,349070,59870,3.5,Automated access control and identity verification; Drone-based perimeter monitoring and response; AI-powered surveillance and threat detection systems,35,Community relationship-building and trust development; Physical apprehension and emergency response; De-escalation of volatile interpersonal confrontations; Split-second judgment in life-threatening situations
First-Line Supervisors of Construction Trades and Extraction Workers,67,806080,78690,5.3,Autonomous heavy equipment operation; AI project scheduling and resource optimization; AI coding assistants reducing developer demand,40,Adapting to unique building configurations on-site; Real-time safety judgment in hazardous conditions; Fine motor craftsmanship in custom installations; Physical work in confined or elevated spaces
First-Line Supervisors of Correctional Officers,59,53390,76310,-2.8,AI-powered surveillance and threat detection systems; Drone-based perimeter monitoring and response; Automated access control and identity verification,39,Physical apprehension and emergency response; Split-second judgment in life-threatening situations; Navigating legally and ethically complex enforcement scenarios; Community relationship-building and trust development
"First-Line Supervisors of Entertainment and Recreation Workers, Except Gambling Services",80,92830,46900,6.3,AI fitness coaching apps displacing personal trainers; Virtual try-on technology reducing in-person consultations; Automated booking and client management platforms; Robotic massage and physical therapy devices,47,Adapting techniques to individual body types and preferences; Emotional support and active listening during sessions; Building trust and rapport with repeat clients; Creative aesthetic judgment for individual clients
"First-Line Supervisors of Farming, Fishing, and Forestry Workers",60,29530,59330,2.5,Drone crop monitoring and precision spraying; AI-driven irrigation and soil analysis systems; Satellite and sensor-based yield prediction models; Robotic sorting and packing of produce,54,Assessing crop health through hands-on field inspection; Adapting to variable weather and terrain conditions; Managing livestock behavior and welfare; Operating in unstructured and remote environments
First-Line Supervisors of Firefighting and Prevention Workers,65,93680,92430,3.4,Drone-based perimeter monitoring and response; AI-powered surveillance and threat detection systems; Generative AI producing marketing and creative copy,31,Split-second judgment in life-threatening situations; De-escalation of volatile interpersonal confrontations; Navigating legally and ethically complex enforcement scenarios; Community relationship-building and trust development
First-Line Supervisors of Food Preparation and Serving Workers,71,1187460,42010,6,Automated food preparation and cooking robotics; Self-ordering kiosks and mobile app displacement; AI-powered research and literature review tools; Chatbot displacement of customer-facing interactions,56,Creative menu development and flavor innovation; Hospitality and personalized guest experiences; Adapting to real-time dietary and allergy requests; Managing chaotic high-volume service environments
First-Line Supervisors of Gambling Services Workers,74,25530,61590,2,AI-generated written content replacing manual drafting; Large language model automation of analysis tasks; AI-powered skincare and beauty recommendation apps; Virtual try-on technology reducing in-person consultations,44,Emotional support and active listening during sessions; Personalized hands-on service requiring tactile skill; Creative aesthetic judgment for individual clients; Building trust and rapport with repeat clients
First-Line Supervisors of Housekeeping and Janitorial Workers,64,174660,47520,2.5,AI-powered research and literature review tools; IoT-based predictive maintenance scheduling; AI-driven building management and energy optimization; AI-generated written content replacing manual drafting,67,Judgment calls on repair vs. replacement decisions; Hands-on troubleshooting of building systems; Physical work in diverse and unstructured environments
"First-Line Supervisors of Landscaping, Lawn Service, and Groundskeeping Workers",70,124130,56170,2.3,Remote monitoring reducing on-site maintenance staff; AI-driven building management and energy optimization; AI-powered research and literature review tools; AI summarization replacing manual report compilation,53,Hands-on troubleshooting of building systems; Responding to unpredictable facility emergencies; Physical work in diverse and unstructured environments; Tenant and occupant relationship management
"First-Line Supervisors of Mechanics, Installers, and Repairers",68,600680,78300,3.1,AI-powered research and literature review tools; Robotic inspection of hard-to-reach equipment; AI parts inventory and supply chain optimization,34,"Customer communication about technical issues; Diagnosing novel equipment failures through physical inspection; Working in confined, elevated, or hazardous spaces; Hands-on fine motor work in intricate machinery"
First-Line Supervisors of Non-Retail Sales Workers,95,219010,84130,0,AI-generated written content replacing manual drafting; AI-powered product recommendation engines; E-commerce automation reducing in-store sales staff; AI coding assistants reducing developer demand,44,Building long-term client relationships and trust; Reading customer emotional cues and adapting approach; Negotiating bespoke deals with multiple stakeholders; Consultative selling for complex or high-value products
First-Line Supervisors of Office and Administrative Support Workers,77,1495580,66140,-0.3,Generative AI producing marketing and creative copy; Intelligent document processing and OCR automation; AI scheduling and calendar management assistants,38,Managing sensitive interpersonal workplace situations; Coordinating complex multi-party events and logistics; Building trust-based relationships with executives; Exercising discretion in ambiguous administrative decisions
First-Line Supervisors of Personal Service Workers,53,107060,47080,6.7,Robotic massage and physical therapy devices; Automated booking and client management platforms; AI fitness coaching apps displacing personal trainers,39,Adapting techniques to individual body types and preferences; Building trust and rapport with repeat clients; Emotional support and active listening during sessions; Personalized hands-on service requiring tactile skill
First-Line Supervisors of Police and Detectives,87,153130,105980,2.9,AI coding assistants reducing developer demand; AI-generated written content replacing manual drafting; Generative AI producing marketing and creative copy,38,Community relationship-building and trust development; De-escalation of volatile interpersonal confrontations; Navigating legally and ethically complex enforcement scenarios; Split-second judgment in life-threatening situations
First-Line Supervisors of Production and Operating Workers,76,685140,71190,1.2,Automated CNC programming and machine operation; Automated data interpretation and insight generation; AI quality inspection via computer vision systems,40,Handling non-standard materials and configurations; Coordinating workflow across diverse production teams; Setup and calibration of custom production runs; Quality judgment requiring tactile and visual inspection
"First-Line Supervisors of Protective Service Workers, All Other",35,20460,74960,1.6,Drone-based perimeter monitoring and response; Predictive policing and crime analytics; Automated access control and identity verification,34,Community relationship-building and trust development; Navigating legally and ethically complex enforcement scenarios; Physical apprehension and emergency response; Split-second judgment in life-threatening situations
First-Line Supervisors of Retail Sales Workers,76,1113160,47320,-5,AI-powered research and literature review tools; Dynamic pricing algorithms replacing pricing roles; Generative AI producing marketing and creative copy; Self-checkout and cashierless store technology,55,Negotiating bespoke deals with multiple stakeholders; Consultative selling for complex or high-value products; In-person product demonstrations and hands-on experience; Building long-term client relationships and trust
First-Line Supervisors of Security Workers,71,70310,58610,2.7,Generative AI producing marketing and creative copy; Autonomous patrol and security robots; Predictive policing and crime analytics; Drone-based perimeter monitoring and response,51,Navigating legally and ethically complex enforcement scenarios; Split-second judgment in life-threatening situations; Physical apprehension and emergency response; Community relationship-building and trust development
"First-Line Supervisors of Transportation and Material Moving Workers, Except Aircraft Cargo Handling Supervisors",35,605510,61890,3.7,Autonomous vehicle and self-driving truck technology; AI traffic management and fleet coordination; Automated warehouse sorting and loading systems,25,Emergency situation response and quick decision-making; Navigating complex urban environments with obstacles; Manual loading of irregular and fragile cargo; Customer interaction and conflict resolution during delivery; Navigating unpredictable road and weather conditions
Fish and Game Wardens,53,6420,68180,-6,Drone-based perimeter monitoring and response; Automated access control and identity verification; Predictive policing and crime analytics,40,Navigating legally and ethically complex enforcement scenarios; Community relationship-building and trust development; Physical apprehension and emergency response; De-escalation of volatile interpersonal confrontations
Flight Attendants,53,130110,67130,9.2,Autonomous vehicle and self-driving truck technology; Automated warehouse sorting and loading systems; Predictive maintenance reducing manual inspection needs; AI route optimization reducing dispatcher roles,45,Navigating unpredictable road and weather conditions; Customer interaction and conflict resolution during delivery; Manual loading of irregular and fragile cargo; Emergency situation response and quick decision-making
"Floor Layers, Except Carpet, Wood, and Hard Tiles",10,24850,54340,9.5,BIM-integrated automated progress tracking; AI project scheduling and resource optimization; Drone-based site surveying and inspection; Robotic bricklaying and prefabrication automation,47,Navigating unpredictable and unstructured job sites; Fine motor craftsmanship in custom installations; Adapting to unique building configurations on-site; Real-time safety judgment in hazardous conditions
Floor Sanders and Finishers,10,4140,49150,2.6,3D printing of building components; BIM-integrated automated progress tracking; Robotic bricklaying and prefabrication automation; Drone-based site surveying and inspection,54,Physical work in confined or elevated spaces; Adapting to unique building configurations on-site; Real-time safety judgment in hazardous conditions; Fine motor craftsmanship in custom installations
Floral Designers,74,40160,36120,-5.9,Generative AI creating visual art and design assets; AI-generated written content replacing manual drafting; Large language model automation of analysis tasks; AI video editing and post-production automation,45,Original creative vision and artistic direction; Live performance and audience engagement; Cultural interpretation and contextual sensitivity; Emotionally resonant storytelling and narrative craft
Food and Beverage Serving Workers,35,7101010,31470,3.8,Automated dishwashing and kitchen cleaning systems; Robotic food delivery within establishments; Self-ordering kiosks and mobile app displacement,37,Food presentation requiring artistic and tactile skill; Creative menu development and flavor innovation; Adapting to real-time dietary and allergy requests; Hospitality and personalized guest experiences
"Food and Tobacco Roasting, Baking, and Drying Machine Operators and Tenders",53,19500,42730,0.6,Industrial robotics replacing manual assembly tasks; AI quality inspection via computer vision systems; Cobots handling repetitive material handling tasks; Automated CNC programming and machine operation,64,Troubleshooting complex equipment malfunctions; Quality judgment requiring tactile and visual inspection; Setup and calibration of custom production runs
Food Batchmakers,59,171660,40790,6.9,Predictive maintenance reducing manual inspection roles; Automated CNC programming and machine operation; AI quality inspection via computer vision systems; Smart factory scheduling and production optimization,59,Handling non-standard materials and configurations; Setup and calibration of custom production runs; Quality judgment requiring tactile and visual inspection; Coordinating workflow across diverse production teams
Food Cooking Machine Operators and Tenders,38,27660,40550,0.6,Industrial robotics replacing manual assembly tasks; Cobots handling repetitive material handling tasks; Smart factory scheduling and production optimization; AI quality inspection via computer vision systems,52,Coordinating workflow across diverse production teams; Setup and calibration of custom production runs; Quality judgment requiring tactile and visual inspection; Troubleshooting complex equipment malfunctions
"Food Preparation and Serving Related Workers, All Other",35,89580,34830,6.4,Automated food preparation and cooking robotics; Robotic food delivery within establishments; Self-ordering kiosks and mobile app displacement,37,Managing chaotic high-volume service environments; Food presentation requiring artistic and tactile skill; Hospitality and personalized guest experiences; Creative menu development and flavor innovation
Food Preparation Workers,19,888770,34220,-3.4,AI inventory management and waste reduction; Self-ordering kiosks and mobile app displacement; Automated food preparation and cooking robotics; Robotic food delivery within establishments,57,Managing chaotic high-volume service environments; Food presentation requiring artistic and tactile skill; Hospitality and personalized guest experiences; Adapting to real-time dietary and allergy requests
Food Processing Workers,35,857260,38200,4.5,Predictive maintenance reducing manual inspection roles; AI quality inspection via computer vision systems; Industrial robotics replacing manual assembly tasks,37,Troubleshooting complex equipment malfunctions; Quality judgment requiring tactile and visual inspection; Setup and calibration of custom production runs; Coordinating workflow across diverse production teams
"Food Processing Workers, All Other",35,57920,38420,5.3,Industrial robotics replacing manual assembly tasks; Predictive maintenance reducing manual inspection roles; AI quality inspection via computer vision systems; Automated CNC programming and machine operation,52,Setup and calibration of custom production runs; Coordinating workflow across diverse production teams; Quality judgment requiring tactile and visual inspection; Troubleshooting complex equipment malfunctions
Food Science Technicians,86,14200,49430,4.8,AI literature review and meta-analysis automation; AI coding assistants reducing developer demand; Automated data interpretation and insight generation; AI-accelerated data analysis and pattern recognition; Machine learning models replacing manual hypothesis testing,72,Fieldwork in unstructured natural environments; Designing novel experiments and research methodologies; Collaborative scientific discourse and peer review
Food Scientists and Technologists,78,14370,85310,6.5,AI-accelerated data analysis and pattern recognition; Robotic sample preparation and experimentation; AI-generated written content replacing manual drafting; Automated laboratory instrumentation and workflows,41,Collaborative scientific discourse and peer review; Designing novel experiments and research methodologies; Interpreting ambiguous results with domain expertise; Fieldwork in unstructured natural environments
"Food Servers, Nonrestaurant",38,271780,34460,3,Automated food preparation and cooking robotics; Self-ordering kiosks and mobile app displacement; AI inventory management and waste reduction; Robotic food delivery within establishments,60,Managing chaotic high-volume service environments; Food presentation requiring artistic and tactile skill; Hospitality and personalized guest experiences
Food Service Managers,74,244230,65310,6.4,AI summarization replacing manual report compilation; Chatbot displacement of customer-facing interactions; Project management automation and resource allocation AI,40,Building organizational culture and employee engagement; Conflict resolution and mediation across departments; Strategic vision-setting in uncertain markets; Navigating complex interpersonal and political dynamics
"Foreign Language and Literature Teachers, Postsecondary",95,21170,77010,-0.2,AI-powered research and literature review tools; Generative AI producing marketing and creative copy; Virtual classroom platforms reducing instructor demand; AI-generated curriculum and lesson plan content,55,Developing creative and engaging hands-on lessons; Inspiring and motivating students through personal connection; Adapting instruction to individual learning needs in real-time; Managing classroom dynamics and student behavior
Forensic Science Technicians,75,19450,67440,12.8,Machine learning models replacing manual hypothesis testing; Robotic sample preparation and experimentation; AI summarization replacing manual report compilation,40,Interpreting ambiguous results with domain expertise; Fieldwork in unstructured natural environments; Collaborative scientific discourse and peer review; Designing novel experiments and research methodologies
Forest and Conservation Technicians,60,31080,54310,-3.2,AI-accelerated data analysis and pattern recognition; Automated laboratory instrumentation and workflows; AI literature review and meta-analysis automation; Machine learning models replacing manual hypothesis testing,51,Ethical oversight of research involving human subjects; Designing novel experiments and research methodologies; Interpreting ambiguous results with domain expertise; Fieldwork in unstructured natural environments
Forest and Conservation Workers,27,5630,43680,-4.7,Autonomous harvesting and planting machinery; Drone crop monitoring and precision spraying; AI-driven irrigation and soil analysis systems; Robotic sorting and packing of produce,62,Managing livestock behavior and welfare; Adapting to variable weather and terrain conditions; Operating in unstructured and remote environments
Forest Fire Inspectors and Prevention Specialists,59,2780,52380,14.6,AI-powered surveillance and threat detection systems; Automated access control and identity verification; Predictive policing and crime analytics,39,Physical apprehension and emergency response; De-escalation of volatile interpersonal confrontations; Navigating legally and ethically complex enforcement scenarios; Community relationship-building and trust development
"Forest, Conservation, and Logging Workers",35,37740,48390,-2.8,Drone crop monitoring and precision spraying; Robotic sorting and packing of produce; Satellite and sensor-based yield prediction models,39,Assessing crop health through hands-on field inspection; Adapting to variable weather and terrain conditions; Managing livestock behavior and welfare; Operating in unstructured and remote environments
Foresters,67,9650,70660,1.2,AI literature review and meta-analysis automation; AI-powered research and literature review tools; AI coding assistants reducing developer demand,32,Designing novel experiments and research methodologies; Interpreting ambiguous results with domain expertise; Collaborative scientific discourse and peer review; Ethical oversight of research involving human subjects
"Forestry and Conservation Science Teachers, Postsecondary",95,1310,100830,4,Virtual classroom platforms reducing instructor demand; AI-generated curriculum and lesson plan content; AI summarization replacing manual report compilation; Adaptive learning technology replacing remedial roles,47,Adapting instruction to individual learning needs in real-time; Mentoring students through personal and academic challenges; Developing creative and engaging hands-on lessons; Inspiring and motivating students through personal connection
"Forging Machine Setters, Operators, and Tenders, Metal and Plastic",10,8760,49240,-18.9,Smart factory scheduling and production optimization; Cobots handling repetitive material handling tasks; Predictive maintenance reducing manual inspection roles; Automated CNC programming and machine operation; AI quality inspection via computer vision systems,75,Setup and calibration of custom production runs; Coordinating workflow across diverse production teams; Quality judgment requiring tactile and visual inspection
Foundry Mold and Coremakers,10,12720,45700,-25.9,Industrial robotics replacing manual assembly tasks; AI quality inspection via computer vision systems; Smart factory scheduling and production optimization; Automated CNC programming and machine operation,53,Troubleshooting complex equipment malfunctions; Quality judgment requiring tactile and visual inspection; Setup and calibration of custom production runs; Coordinating workflow across diverse production teams
Fundraisers,87,105930,66490,4.3,AI-generated written content replacing manual drafting; Automated data interpretation and insight generation; Algorithmic trading and AI portfolio management; Chatbot displacement of customer-facing interactions,42,Crisis financial decision-making under uncertainty; Stakeholder management in complex organizational settings; Ethical judgment in fiduciary and advisory roles; Navigating regulatory ambiguity and compliance judgment
Fundraising Managers,78,36920,123480,4.2,AI strategic decision-support dashboards; AI summarization replacing manual report compilation; Automated performance analytics and reporting,24,Inspiring and leading teams through organizational change; Conflict resolution and mediation across departments; Building organizational culture and employee engagement; Navigating complex interpersonal and political dynamics; Strategic vision-setting in uncertain markets
Funeral Attendants,53,30560,34610,3.1,AI fitness coaching apps displacing personal trainers; AI-powered skincare and beauty recommendation apps; Virtual try-on technology reducing in-person consultations; Automated booking and client management platforms,41,Emotional support and active listening during sessions; Building trust and rapport with repeat clients; Personalized hands-on service requiring tactile skill; Adapting techniques to individual body types and preferences
Funeral Home Managers,84,13120,76830,4.1,Automated data interpretation and insight generation; AI-driven workforce planning and scheduling; AI summarization replacing manual report compilation; AI coding assistants reducing developer demand,45,Conflict resolution and mediation across departments; Strategic vision-setting in uncertain markets; Building organizational culture and employee engagement; Navigating complex interpersonal and political dynamics
Funeral Service Workers,35,62630,39170,3,Virtual try-on technology reducing in-person consultations; AI fitness coaching apps displacing personal trainers; Automated booking and client management platforms,37,Personalized hands-on service requiring tactile skill; Creative aesthetic judgment for individual clients; Emotional support and active listening during sessions; Building trust and rapport with repeat clients
"Furnace, Kiln, Oven, Drier, and Kettle Operators and Tenders",53,16160,47010,3,Industrial robotics replacing manual assembly tasks; Predictive maintenance reducing manual inspection roles; Cobots handling repetitive material handling tasks; AI quality inspection via computer vision systems,48,Troubleshooting complex equipment malfunctions; Quality judgment requiring tactile and visual inspection; Setup and calibration of custom production runs; Handling non-standard materials and configurations
Furniture Finishers,10,14230,42530,-3.3,AI quality inspection via computer vision systems; Predictive maintenance reducing manual inspection roles; Industrial robotics replacing manual assembly tasks; Smart factory scheduling and production optimization,50,Handling non-standard materials and configurations; Coordinating workflow across diverse production teams; Setup and calibration of custom production runs; Quality judgment requiring tactile and visual inspection
Gambling and Sports Book Writers and Runners,67,7600,30460,-6.1,AI-powered research and literature review tools; Automated booking and client management platforms; AI summarization replacing manual report compilation; Generative AI producing marketing and creative copy; Automated data interpretation and insight generation,74,Creative aesthetic judgment for individual clients; Personalized hands-on service requiring tactile skill; Adapting techniques to individual body types and preferences
Gambling Cage Workers,78,13490,36990,-5,AI-generated written content replacing manual drafting; AI coding assistants reducing developer demand; AI scheduling and calendar management assistants; Automated data interpretation and insight generation,59,Managing sensitive interpersonal workplace situations; Exercising discretion in ambiguous administrative decisions; Building trust-based relationships with executives; Handling confidential and politically sensitive information
Gambling Change Persons and Booth Cashiers,78,21930,34810,-6.4,Large language model automation of analysis tasks; Chatbot and virtual assistant sales displacement; AI-powered product recommendation engines; AI summarization replacing manual report compilation; E-commerce automation reducing in-store sales staff,74,Building long-term client relationships and trust; Consultative selling for complex or high-value products; Reading customer emotional cues and adapting approach
Gambling Dealers,95,82980,33280,-0.6,Robotic massage and physical therapy devices; Automated data interpretation and insight generation; AI-powered research and literature review tools; AI summarization replacing manual report compilation; Automated booking and client management platforms,76,Adapting techniques to individual body types and preferences; Building trust and rapport with repeat clients; Personalized hands-on service requiring tactile skill
Gambling Managers,84,4620,85580,1.2,AI strategic decision-support dashboards; Automated performance analytics and reporting; Automated data interpretation and insight generation,38,Conflict resolution and mediation across departments; Strategic vision-setting in uncertain markets; Navigating complex interpersonal and political dynamics; Building organizational culture and employee engagement
"Gambling Service Workers, All Other",35,14920,34530,-0.6,Automated booking and client management platforms; Virtual try-on technology reducing in-person consultations; Robotic massage and physical therapy devices; AI-powered skincare and beauty recommendation apps,53,Adapting techniques to individual body types and preferences; Emotional support and active listening during sessions; Personalized hands-on service requiring tactile skill; Creative aesthetic judgment for individual clients
Gambling Surveillance Officers and Gambling Investigators,74,10000,43900,0.3,Large language model automation of analysis tasks; Chatbot displacement of customer-facing interactions; AI-generated written content replacing manual drafting; Drone-based perimeter monitoring and response,70,De-escalation of volatile interpersonal confrontations; Community relationship-building and trust development; Split-second judgment in life-threatening situations
Gas Compressor and Gas Pumping Station Operators,53,5110,71510,-1.3,AI traffic management and fleet coordination; Autonomous vehicle and self-driving truck technology; AI route optimization reducing dispatcher roles; Predictive maintenance reducing manual inspection needs,63,Navigating unpredictable road and weather conditions; Customer interaction and conflict resolution during delivery; Manual loading of irregular and fragile cargo
Gas Plant Operators,42,15910,83400,-8.8,Smart factory scheduling and production optimization; Predictive maintenance reducing manual inspection roles; Automated CNC programming and machine operation; Cobots handling repetitive material handling tasks,63,Troubleshooting complex equipment malfunctions; Coordinating workflow across diverse production teams; Setup and calibration of custom production runs
General and Operations Managers,88,3584420,102950,4.4,Chatbot-based employee self-service reducing HR management; AI-driven workforce planning and scheduling; Project management automation and resource allocation AI,39,Inspiring and leading teams through organizational change; Navigating complex interpersonal and political dynamics; Strategic vision-setting in uncertain markets; Building organizational culture and employee engagement
General Internal Medicine Physicians,78,66640,236350,3.3,AI clinical decision-support tools guiding treatment; AI-powered research and literature review tools; Automated patient monitoring and alert systems,39,Interdisciplinary care coordination; Hands-on physical examination and procedures; Empathetic patient communication and bedside manner; Complex clinical judgment in ambiguous presentations
Genetic Counselors,84,3510,98910,9.3,AI clinical decision-support tools guiding treatment; Telehealth platforms automating triage and intake; AI-generated written content replacing manual drafting,31,Empathetic patient communication and bedside manner; Complex clinical judgment in ambiguous presentations; Hands-on physical examination and procedures; Interdisciplinary care coordination
Geographers,72,1380,97200,-3.1,AI coding assistants reducing developer demand; Automated laboratory instrumentation and workflows; Robotic sample preparation and experimentation,32,Designing novel experiments and research methodologies; Collaborative scientific discourse and peer review; Fieldwork in unstructured natural environments; Ethical oversight of research involving human subjects
"Geography Teachers, Postsecondary",95,3290,86730,3.3,Chatbot displacement of customer-facing interactions; AI tutoring systems providing personalized instruction; AI summarization replacing manual report compilation; Adaptive learning technology replacing remedial roles,54,Inspiring and motivating students through personal connection; Adapting instruction to individual learning needs in real-time; Managing classroom dynamics and student behavior; Mentoring students through personal and academic challenges
"Geological Technicians, Except Hydrologic Technicians",61,9710,48390,1.5,AI-powered research and literature review tools; AI-generated written content replacing manual drafting; AI-accelerated data analysis and pattern recognition; AI coding assistants reducing developer demand,65,Designing novel experiments and research methodologies; Interpreting ambiguous results with domain expertise; Fieldwork in unstructured natural environments
"Geoscientists, Except Hydrologists and Geographers",81,22510,99240,3.2,Chatbot displacement of customer-facing interactions; Automated data interpretation and insight generation; AI-accelerated data analysis and pattern recognition; Automated laboratory instrumentation and workflows,52,Designing novel experiments and research methodologies; Interpreting ambiguous results with domain expertise; Fieldwork in unstructured natural environments; Collaborative scientific discourse and peer review
Glaziers,10,57000,55440,3.3,Drone-based site surveying and inspection; Autonomous heavy equipment operation; 3D printing of building components; Robotic bricklaying and prefabrication automation,44,Navigating unpredictable and unstructured job sites; Fine motor craftsmanship in custom installations; Adapting to unique building configurations on-site; Client-facing consultation on custom project needs
"Graders and Sorters, Agricultural Products",95,26870,35430,-5.4,Automated data interpretation and insight generation; Robotic sorting and packing of produce; AI summarization replacing manual report compilation; Chatbot displacement of customer-facing interactions,64,Operating in unstructured and remote environments; Managing livestock behavior and welfare; Sustainable land management judgment calls
Graphic Designers,83,214260,61300,2.1,AI-generated written content replacing manual drafting; Chatbot displacement of customer-facing interactions; Text-to-image tools displacing graphic design work,36,Live performance and audience engagement; Collaborative creative ideation and brainstorming; Cultural interpretation and contextual sensitivity; Physical artistry and hands-on creative execution
"Grinding and Polishing Workers, Hand",53,11850,41690,-21.2,AI quality inspection via computer vision systems; Industrial robotics replacing manual assembly tasks; Cobots handling repetitive material handling tasks; Predictive maintenance reducing manual inspection roles; Smart factory scheduling and production optimization,86,Coordinating workflow across diverse production teams; Troubleshooting complex equipment malfunctions; Handling non-standard materials and configurations
"Grinding, Lapping, Polishing, and Buffing Machine Tool Setters, Operators, and Tenders, Metal and Plastic",10,70110,45190,-12,Industrial robotics replacing manual assembly tasks; AI quality inspection via computer vision systems; Cobots handling repetitive material handling tasks; Smart factory scheduling and production optimization,69,Coordinating workflow across diverse production teams; Troubleshooting complex equipment malfunctions; Quality judgment requiring tactile and visual inspection
Grounds Maintenance Workers,35,1030070,38470,3.5,AI-driven building management and energy optimization; Robotic cleaning and facility maintenance systems; Remote monitoring reducing on-site maintenance staff,37,Tenant and occupant relationship management; Hands-on troubleshooting of building systems; Judgment calls on repair vs. replacement decisions; Physical work in diverse and unstructured environments
"Grounds Maintenance Workers, All Other",35,13580,43410,2.4,Remote monitoring reducing on-site maintenance staff; IoT-based predictive maintenance scheduling; Automated grounds-keeping and landscaping equipment; Robotic cleaning and facility maintenance systems,53,Judgment calls on repair vs. replacement decisions; Responding to unpredictable facility emergencies; Physical work in diverse and unstructured environments; Tenant and occupant relationship management
"Hairdressers, Hairstylists, and Cosmetologists",59,295460,35250,5.6,Virtual try-on technology reducing in-person consultations; Robotic massage and physical therapy devices; AI-powered skincare and beauty recommendation apps; Automated booking and client management platforms,42,Personalized hands-on service requiring tactile skill; Building trust and rapport with repeat clients; Adapting techniques to individual body types and preferences; Creative aesthetic judgment for individual clients
Hazardous Materials Removal Workers,38,50570,48490,1,AI project scheduling and resource optimization; 3D printing of building components; Drone-based site surveying and inspection; Autonomous heavy equipment operation,45,Navigating unpredictable and unstructured job sites; Client-facing consultation on custom project needs; Adapting to unique building configurations on-site; Fine motor craftsmanship in custom installations
"Health and Safety Engineers, Except Mining Safety Engineers and Inspectors",70,23220,109660,4.4,Large language model automation of analysis tasks; Automated data interpretation and insight generation; Automated structural and systems analysis software,34,Client communication and technical consultation; Safety-critical judgment in design review; Cross-disciplinary collaboration on complex projects; On-site problem-solving in variable physical conditions
Health Education Specialists,86,65150,63000,4.5,Chatbot displacement of customer-facing interactions; Large language model automation of analysis tasks; AI-generated written content replacing manual drafting,36,Deep empathetic engagement with vulnerable populations; Navigating complex family and community dynamics; Crisis intervention requiring immediate human judgment; Cultural sensitivity in diverse community contexts
Health Information Technologists and Medical Registrars,84,37620,67310,14.7,Large language model automation of analysis tasks; AI clinical decision-support tools guiding treatment; Chatbot displacement of customer-facing interactions; AI-assisted diagnostic imaging reducing radiologist workload,51,Complex clinical judgment in ambiguous presentations; Interdisciplinary care coordination; Hands-on physical examination and procedures; Empathetic patient communication and bedside manner
"Health Specialties Teachers, Postsecondary",95,229720,105620,17.3,Generative AI producing marketing and creative copy; AI-powered research and literature review tools; Automated grading and assessment tools; Virtual classroom platforms reducing instructor demand,52,Mentoring students through personal and academic challenges; Developing creative and engaging hands-on lessons; Adapting instruction to individual learning needs in real-time; Managing classroom dynamics and student behavior
Health Technologists and Technicians,35,3124620,54270,5.8,AI-assisted diagnostic imaging reducing radiologist workload; Administrative automation of medical billing and coding; Automated patient monitoring and alert systems,35,Empathetic patient communication and bedside manner; Hands-on physical examination and procedures; Interdisciplinary care coordination; Complex clinical judgment in ambiguous presentations
"Health Technologists and Technicians, All Other",68,174060,48790,5.2,AI clinical decision-support tools guiding treatment; AI-generated written content replacing manual drafting; Telehealth platforms automating triage and intake,40,Interdisciplinary care coordination; Complex clinical judgment in ambiguous presentations; Hands-on physical examination and procedures; Ethical decision-making in end-of-life situations
Healthcare Diagnosing or Treating Practitioners,35,6338160,101370,7.8,AI-assisted diagnostic imaging reducing radiologist workload; Automated patient monitoring and alert systems; Natural language processing for clinical documentation,31,Ethical decision-making in end-of-life situations; Interdisciplinary care coordination; Emergency triage requiring rapid human judgment; Hands-on physical examination and procedures
"Healthcare Diagnosing or Treating Practitioners, All Other",78,30870,113730,2,Generative AI producing marketing and creative copy; Natural language processing for clinical documentation; AI clinical decision-support tools guiding treatment; AI coding assistants reducing developer demand,48,Interdisciplinary care coordination; Empathetic patient communication and bedside manner; Emergency triage requiring rapid human judgment; Hands-on physical examination and procedures
"Healthcare Practitioners and Technical Workers, All Other",76,36970,64030,3.6,Automated patient monitoring and alert systems; Large language model automation of analysis tasks; AI-assisted diagnostic imaging reducing radiologist workload,38,Ethical decision-making in end-of-life situations; Interdisciplinary care coordination; Emergency triage requiring rapid human judgment; Hands-on physical examination and procedures
Healthcare Social Workers,78,185940,68090,7.7,AI translation and accessibility tools reducing interpreter needs; AI-powered research and literature review tools; AI-generated written content replacing manual drafting,35,Cultural sensitivity in diverse community contexts; Navigating complex family and community dynamics; Deep empathetic engagement with vulnerable populations; Advocacy and relationship-building with institutions
"Healthcare Support Workers, All Other",67,103650,46050,3.5,Automated patient scheduling and intake systems; Large language model automation of analysis tasks; Generative AI producing marketing and creative copy; AI-generated written content replacing manual drafting,65,Compassionate hands-on patient care and comfort; Adapting to individual patient emotional needs; Physical repositioning and mobility assistance
Hearing Aid Specialists,74,10580,61560,18.4,AI-powered research and literature review tools; Chatbot displacement of customer-facing interactions; AI-assisted diagnostic imaging reducing radiologist workload,32,Ethical decision-making in end-of-life situations; Empathetic patient communication and bedside manner; Emergency triage requiring rapid human judgment; Hands-on physical examination and procedures
"Heat Treating Equipment Setters, Operators, and Tenders, Metal and Plastic",42,14590,47450,-12.8,AI quality inspection via computer vision systems; Industrial robotics replacing manual assembly tasks; Cobots handling repetitive material handling tasks; Automated CNC programming and machine operation; Smart factory scheduling and production optimization,74,Quality judgment requiring tactile and visual inspection; Coordinating workflow across diverse production teams; Setup and calibration of custom production runs
"Heating, Air Conditioning, and Refrigeration Mechanics and Installers",45,396870,59810,8.1,Augmented reality-guided remote diagnostics; AI parts inventory and supply chain optimization; Predictive maintenance AI reducing reactive repair needs; Automated fault detection via IoT sensor networks,52,"Hands-on fine motor work in intricate machinery; Customer communication about technical issues; Working in confined, elevated, or hazardous spaces; Adapting repairs to non-standard or legacy equipment"
Heavy and Tractor-Trailer Truck Drivers,48,2070480,57440,4,Autonomous vehicle and self-driving truck technology; AI traffic management and fleet coordination; AI route optimization reducing dispatcher roles; Predictive maintenance reducing manual inspection needs,58,Customer interaction and conflict resolution during delivery; Emergency situation response and quick decision-making; Navigating complex urban environments with obstacles; Navigating unpredictable road and weather conditions
"Helpers--Brickmasons, Blockmasons, Stonemasons, and Tile and Marble Setters",10,15660,46480,-10.5,BIM-integrated automated progress tracking; Autonomous heavy equipment operation; Robotic bricklaying and prefabrication automation; 3D printing of building components,63,Navigating unpredictable and unstructured job sites; Real-time safety judgment in hazardous conditions; Client-facing consultation on custom project needs
Helpers--Carpenters,10,24610,41600,4.5,AI project scheduling and resource optimization; BIM-integrated automated progress tracking; 3D printing of building components; Drone-based site surveying and inspection,56,Real-time safety judgment in hazardous conditions; Fine motor craftsmanship in custom installations; Adapting to unique building configurations on-site; Physical work in confined or elevated spaces
Helpers--Electricians,10,64440,39890,0.2,Robotic bricklaying and prefabrication automation; Drone-based site surveying and inspection; BIM-integrated automated progress tracking; AI project scheduling and resource optimization,51,Physical work in confined or elevated spaces; Client-facing consultation on custom project needs; Adapting to unique building configurations on-site; Navigating unpredictable and unstructured job sites
Helpers--Extraction Workers,10,6720,48400,-1.7,Autonomous heavy equipment operation; 3D printing of building components; AI project scheduling and resource optimization; BIM-integrated automated progress tracking,41,Real-time safety judgment in hazardous conditions; Fine motor craftsmanship in custom installations; Adapting to unique building configurations on-site; Physical work in confined or elevated spaces
"Helpers--Installation, Maintenance, and Repair Workers",27,97540,38860,2.3,Predictive maintenance AI reducing reactive repair needs; Automated fault detection via IoT sensor networks; AI parts inventory and supply chain optimization; Robotic inspection of hard-to-reach equipment,51,"Hands-on fine motor work in intricate machinery; Customer communication about technical issues; Adapting repairs to non-standard or legacy equipment; Working in confined, elevated, or hazardous spaces"
"Helpers--Painters, Paperhangers, Plasterers, and Stucco Masons",10,7220,38140,2.3,Autonomous heavy equipment operation; 3D printing of building components; BIM-integrated automated progress tracking; AI project scheduling and resource optimization,57,Adapting to unique building configurations on-site; Fine motor craftsmanship in custom installations; Real-time safety judgment in hazardous conditions; Client-facing consultation on custom project needs
"Helpers--Pipelayers, Plumbers, Pipefitters, and Steamfitters",10,43640,39270,4.9,Robotic bricklaying and prefabrication automation; Drone-based site surveying and inspection; AI project scheduling and resource optimization; Autonomous heavy equipment operation,46,Navigating unpredictable and unstructured job sites; Physical work in confined or elevated spaces; Fine motor craftsmanship in custom installations; Real-time safety judgment in hazardous conditions
Helpers--Production Workers,42,167490,38220,-8.9,Industrial robotics replacing manual assembly tasks; Predictive maintenance reducing manual inspection roles; Smart factory scheduling and production optimization; AI quality inspection via computer vision systems,64,Coordinating workflow across diverse production teams; Setup and calibration of custom production runs; Handling non-standard materials and configurations
Helpers--Roofers,10,5170,40590,5.7,3D printing of building components; AI project scheduling and resource optimization; Drone-based site surveying and inspection; Robotic bricklaying and prefabrication automation,50,Real-time safety judgment in hazardous conditions; Fine motor craftsmanship in custom installations; Client-facing consultation on custom project needs; Adapting to unique building configurations on-site
"Helpers, Construction Trades",35,186250,40430,1.8,3D printing of building components; BIM-integrated automated progress tracking; Autonomous heavy equipment operation,37,Real-time safety judgment in hazardous conditions; Adapting to unique building configurations on-site; Fine motor craftsmanship in custom installations; Physical work in confined or elevated spaces
"Helpers, Construction Trades, All Other",35,25510,40760,4.4,Robotic bricklaying and prefabrication automation; Drone-based site surveying and inspection; 3D printing of building components; BIM-integrated automated progress tracking,49,Real-time safety judgment in hazardous conditions; Physical work in confined or elevated spaces; Fine motor craftsmanship in custom installations; Navigating unpredictable and unstructured job sites
Highway Maintenance Workers,24,151750,49070,3,Autonomous heavy equipment operation; AI project scheduling and resource optimization; 3D printing of building components; Drone-based site surveying and inspection,57,Navigating unpredictable and unstructured job sites; Physical work in confined or elevated spaces; Fine motor craftsmanship in custom installations; Adapting to unique building configurations on-site
Historians,86,3140,74050,2.2,AI-accelerated data analysis and pattern recognition; Large language model automation of analysis tasks; AI-powered research and literature review tools; Generative AI producing marketing and creative copy,54,Interpreting ambiguous results with domain expertise; Designing novel experiments and research methodologies; Ethical oversight of research involving human subjects; Collaborative scientific discourse and peer review
"History Teachers, Postsecondary",95,19860,81500,-0.2,Virtual classroom platforms reducing instructor demand; AI-generated written content replacing manual drafting; Large language model automation of analysis tasks; Chatbot displacement of customer-facing interactions,54,Developing creative and engaging hands-on lessons; Mentoring students through personal and academic challenges; Managing classroom dynamics and student behavior; Adapting instruction to individual learning needs in real-time
Hoist and Winch Operators,10,2480,52310,-1.1,Autonomous vehicle and self-driving truck technology; AI route optimization reducing dispatcher roles; AI traffic management and fleet coordination; Automated warehouse sorting and loading systems,48,Emergency situation response and quick decision-making; Navigating unpredictable road and weather conditions; Customer interaction and conflict resolution during delivery; Manual loading of irregular and fragile cargo
Home Appliance Repairers,27,31940,49410,2.6,Automated fault detection via IoT sensor networks; Augmented reality-guided remote diagnostics; Robotic inspection of hard-to-reach equipment; AI parts inventory and supply chain optimization,53,"Hands-on fine motor work in intricate machinery; Working in confined, elevated, or hazardous spaces; Customer communication about technical issues; Diagnosing novel equipment failures through physical inspection"
Home Health and Personal Care Aides,35,3988140,34900,17,Administrative automation of health records management; AI-driven vital sign monitoring and alerting; Robotic assistance in patient mobility and care; Telehealth reducing in-person support staffing needs,47,Adapting to individual patient emotional needs; Building rapport with patients and families; Compassionate hands-on patient care and comfort; Physical repositioning and mobility assistance
"Home Health and Personal Care Aides; and Nursing Assistants, Orderlies, and Psychiatric Aides",35,5464490,35940,13.2,Administrative automation of health records management; Robotic assistance in patient mobility and care; Telehealth reducing in-person support staffing needs; AI-driven vital sign monitoring and alerting,47,Responding to unpredictable patient emergencies; Physical repositioning and mobility assistance; Adapting to individual patient emotional needs; Compassionate hands-on patient care and comfort
"Hosts and Hostesses, Restaurant, Lounge, and Coffee Shop",53,427150,30380,-1.5,Automated food preparation and cooking robotics; Self-ordering kiosks and mobile app displacement; AI inventory management and waste reduction; Robotic food delivery within establishments,69,Managing chaotic high-volume service environments; Creative menu development and flavor innovation; Adapting to real-time dietary and allergy requests
"Hotel, Motel, and Resort Desk Clerks",76,261430,34270,3.7,Large language model automation of analysis tasks; Automated invoice and expense processing; Chatbot displacement of customer-facing interactions; Automated data interpretation and insight generation,70,Exercising discretion in ambiguous administrative decisions; Coordinating complex multi-party events and logistics; Handling confidential and politically sensitive information
"Human Resources Assistants, Except Payroll and Timekeeping",95,92580,49440,-7.1,AI summarization replacing manual report compilation; AI-generated written content replacing manual drafting; Intelligent document processing and OCR automation; Chatbot displacement of customer-facing interactions; AI coding assistants reducing developer demand,79,Coordinating complex multi-party events and logistics; Building trust-based relationships with executives; Managing sensitive interpersonal workplace situations
Human Resources Managers,88,215520,140030,5,AI-driven workforce planning and scheduling; Automated performance analytics and reporting; AI strategic decision-support dashboards,28,Conflict resolution and mediation across departments; Strategic vision-setting in uncertain markets; Navigating complex interpersonal and political dynamics; Building organizational culture and employee engagement; Inspiring and leading teams through organizational change
Human Resources Specialists,95,917460,72910,6.2,Chatbot displacement of customer-facing interactions; AI-generated written content replacing manual drafting; Automated financial reporting and reconciliation; AI summarization replacing manual report compilation,46,Stakeholder management in complex organizational settings; Navigating regulatory ambiguity and compliance judgment; Crisis financial decision-making under uncertainty; Ethical judgment in fiduciary and advisory roles
Hydrologic Technicians,74,2940,58570,-2.1,Automated laboratory instrumentation and workflows; Robotic sample preparation and experimentation; AI coding assistants reducing developer demand; AI-accelerated data analysis and pattern recognition,65,Interpreting ambiguous results with domain expertise; Collaborative scientific discourse and peer review; Ethical oversight of research involving human subjects
Hydrologists,76,5720,92060,-0.1,AI-powered research and literature review tools; Automated data interpretation and insight generation; Chatbot displacement of customer-facing interactions,33,Collaborative scientific discourse and peer review; Fieldwork in unstructured natural environments; Interpreting ambiguous results with domain expertise; Designing novel experiments and research methodologies
Industrial Engineering Technologists and Technicians,67,73410,64790,1.7,AI-assisted CAD and generative design tools; AI-generated written content replacing manual drafting; Simulation and digital twin automation,37,On-site problem-solving in variable physical conditions; Safety-critical judgment in design review; Client communication and technical consultation; Cross-disciplinary collaboration on complex projects
Industrial Engineers,82,350230,101140,11,Generative AI producing marketing and creative copy; AI-generated written content replacing manual drafting; AI-assisted CAD and generative design tools,34,Novel engineering design for unprecedented challenges; On-site problem-solving in variable physical conditions; Cross-disciplinary collaboration on complex projects; Safety-critical judgment in design review
Industrial Machinery Mechanics,49,421940,63760,16.1,Automated fault detection via IoT sensor networks; Augmented reality-guided remote diagnostics; AI parts inventory and supply chain optimization; Predictive maintenance AI reducing reactive repair needs,54,"Adapting repairs to non-standard or legacy equipment; Working in confined, elevated, or hazardous spaces; Hands-on fine motor work in intricate machinery; Customer communication about technical issues"
Industrial Production Managers,68,234380,121440,1.9,AI coding assistants reducing developer demand; Automated performance analytics and reporting; AI strategic decision-support dashboards,33,Strategic vision-setting in uncertain markets; Navigating complex interpersonal and political dynamics; Inspiring and leading teams through organizational change; Conflict resolution and mediation across departments
Industrial Truck and Tractor Operators,31,805770,46390,1.1,Predictive maintenance reducing manual inspection needs; AI traffic management and fleet coordination; Autonomous vehicle and self-driving truck technology; AI route optimization reducing dispatcher roles,57,Navigating unpredictable road and weather conditions; Manual loading of irregular and fragile cargo; Emergency situation response and quick decision-making; Customer interaction and conflict resolution during delivery
Industrial-Organizational Psychologists,86,1050,109840,6.3,AI literature review and meta-analysis automation; AI-powered research and literature review tools; Automated data interpretation and insight generation,27,Collaborative scientific discourse and peer review; Designing novel experiments and research methodologies; Ethical oversight of research involving human subjects; Interpreting ambiguous results with domain expertise; Fieldwork in unstructured natural environments
Information and Record Clerks,35,5311310,41600,-3.8,Intelligent document processing and OCR automation; Smart form extraction replacing manual data processing; AI scheduling and calendar management assistants,40,Exercising discretion in ambiguous administrative decisions; Coordinating complex multi-party events and logistics; Managing sensitive interpersonal workplace situations; Building trust-based relationships with executives
"Information and Record Clerks, All Other",35,143910,48360,-0.2,Intelligent document processing and OCR automation; Automated invoice and expense processing; Robotic process automation of data entry workflows,36,Exercising discretion in ambiguous administrative decisions; Coordinating complex multi-party events and logistics; Handling confidential and politically sensitive information; Building trust-based relationships with executives
Information Security Analysts,84,179430,124910,28.5,Generative AI producing marketing and creative copy; AI pair-programming and code generation tools; Chatbot displacement of customer-facing interactions; AI-powered research and literature review tools,42,Ethical AI oversight and bias auditing; Cross-functional collaboration on ambiguous problems; Stakeholder negotiation and requirements elicitation; Crisis debugging of complex production incidents
"Inspectors, Testers, Sorters, Samplers, and Weighers",63,591180,47460,0,Automated data interpretation and insight generation; Industrial robotics replacing manual assembly tasks; Large language model automation of analysis tasks; AI summarization replacing manual report compilation,68,Troubleshooting complex equipment malfunctions; Quality judgment requiring tactile and visual inspection; Setup and calibration of custom production runs
"Installation, Maintenance, and Repair Workers, All Other",53,183690,48640,2.4,Augmented reality-guided remote diagnostics; Predictive maintenance AI reducing reactive repair needs; AI parts inventory and supply chain optimization; Automated fault detection via IoT sensor networks,62,Diagnosing novel equipment failures through physical inspection; Customer communication about technical issues; Hands-on fine motor work in intricate machinery
Instructional Coordinators,81,210850,74720,1.3,Automated data interpretation and insight generation; Virtual classroom platforms reducing instructor demand; AI summarization replacing manual report compilation,34,Mentoring students through personal and academic challenges; Inspiring and motivating students through personal connection; Developing creative and engaging hands-on lessons; Adapting instruction to individual learning needs in real-time
"Insulation Workers, Floor, Ceiling, and Wall",10,38610,48680,3.8,Autonomous heavy equipment operation; AI project scheduling and resource optimization; 3D printing of building components; Drone-based site surveying and inspection,53,Physical work in confined or elevated spaces; Navigating unpredictable and unstructured job sites; Real-time safety judgment in hazardous conditions; Fine motor craftsmanship in custom installations
"Insulation Workers, Mechanical",10,25640,57250,4.7,Autonomous heavy equipment operation; 3D printing of building components; Drone-based site surveying and inspection; AI project scheduling and resource optimization,46,Real-time safety judgment in hazardous conditions; Fine motor craftsmanship in custom installations; Client-facing consultation on custom project needs; Navigating unpredictable and unstructured job sites
"Insurance Appraisers, Auto Damage",31,7790,76650,-8.2,Algorithmic trading and AI portfolio management; Robotic process automation for accounting workflows; AI credit scoring and underwriting models; Automated financial reporting and reconciliation,67,Stakeholder management in complex organizational settings; Strategic advisory requiring deep client relationship knowledge; Navigating regulatory ambiguity and compliance judgment
Insurance Claims and Policy Processing Clerks,86,229070,48450,-3.7,Robotic process automation of data entry workflows; AI-generated written content replacing manual drafting; Chatbot displacement of customer-facing interactions; Smart form extraction replacing manual data processing; Generative AI producing marketing and creative copy,76,Exercising discretion in ambiguous administrative decisions; Coordinating complex multi-party events and logistics; Handling confidential and politically sensitive information
Insurance Sales Agents,70,469480,60370,3.7,AI-powered product recommendation engines; Chatbot and virtual assistant sales displacement; E-commerce automation reducing in-store sales staff; Dynamic pricing algorithms replacing pricing roles,63,Building long-term client relationships and trust; Consultative selling for complex or high-value products; Reading customer emotional cues and adapting approach
Insurance Underwriters,95,107820,79880,-2.6,Large language model automation of analysis tasks; AI-generated written content replacing manual drafting; Automated data interpretation and insight generation; Automated tax preparation and compliance tools; AI-powered research and literature review tools,74,Ethical judgment in fiduciary and advisory roles; Crisis financial decision-making under uncertainty; Stakeholder management in complex organizational settings
Interior Designers,74,69580,63490,3.2,Large language model automation of analysis tasks; Generative AI creating visual art and design assets; Generative AI producing marketing and creative copy,33,Physical artistry and hands-on creative execution; Emotionally resonant storytelling and narrative craft; Collaborative creative ideation and brainstorming; Cultural interpretation and contextual sensitivity
Interpreters and Translators,95,53360,59440,1.7,AI music composition and audio production; Large language model automation of analysis tasks; Text-to-image tools displacing graphic design work; AI copywriting tools reducing editorial demand,48,Emotionally resonant storytelling and narrative craft; Original creative vision and artistic direction; Cultural interpretation and contextual sensitivity; Physical artistry and hands-on creative execution
"Interviewers, Except Eligibility and Loan",95,157310,43830,-11.6,Intelligent document processing and OCR automation; AI scheduling and calendar management assistants; Generative AI producing marketing and creative copy; Large language model automation of analysis tasks; Robotic process automation of data entry workflows,85,Handling confidential and politically sensitive information; Exercising discretion in ambiguous administrative decisions; Building trust-based relationships with executives
"Janitors and Cleaners, Except Maids and Housekeeping Cleaners",10,2199900,35930,2,Remote monitoring reducing on-site maintenance staff; IoT-based predictive maintenance scheduling; Robotic cleaning and facility maintenance systems; AI-driven building management and energy optimization,49,Responding to unpredictable facility emergencies; Physical work in diverse and unstructured environments; Judgment calls on repair vs. replacement decisions; Tenant and occupant relationship management
Jewelers and Precious Stone and Metal Workers,61,23420,49140,-5.5,AI coding assistants reducing developer demand; Cobots handling repetitive material handling tasks; Industrial robotics replacing manual assembly tasks; AI-generated written content replacing manual drafting,70,Troubleshooting complex equipment malfunctions; Quality judgment requiring tactile and visual inspection; Setup and calibration of custom production runs
"Judges, Magistrate Judges, and Magistrates",95,25580,156210,2.5,AI coding assistants reducing developer demand; Generative AI producing marketing and creative copy; E-discovery AI reducing paralegal review needs; AI compliance monitoring and regulatory analysis,43,Ethical judgment in adversarial situations; Courtroom advocacy and persuasive oral argument; Client counseling on sensitive and complex matters; Nuanced legal strategy in novel or precedent-setting cases
Judicial Law Clerks,78,13220,60400,2.5,AI contract review and due diligence automation; AI coding assistants reducing developer demand; Large language model automation of analysis tasks; Legal research tools powered by large language models,48,Nuanced legal strategy in novel or precedent-setting cases; Courtroom advocacy and persuasive oral argument; Ethical judgment in adversarial situations; Negotiating settlements requiring empathy and persuasion
"Kindergarten Teachers, Except Special Education",67,114410,61430,-1.6,Virtual classroom platforms reducing instructor demand; Automated data interpretation and insight generation; AI-generated curriculum and lesson plan content,36,Mentoring students through personal and academic challenges; Inspiring and motivating students through personal connection; Developing creative and engaging hands-on lessons; Managing classroom dynamics and student behavior
Labor Relations Specialists,87,64590,93500,-0.1,AI credit scoring and underwriting models; AI coding assistants reducing developer demand; AI-driven fraud detection replacing manual review; Automated financial reporting and reconciliation,44,Navigating regulatory ambiguity and compliance judgment; Strategic advisory requiring deep client relationship knowledge; Crisis financial decision-making under uncertainty; Ethical judgment in fiduciary and advisory roles
"Laborers and Freight, Stock, and Material Movers, Hand",18,2982530,38940,1.5,Drone delivery displacing last-mile logistics workers; AI traffic management and fleet coordination; Predictive maintenance reducing manual inspection needs; AI route optimization reducing dispatcher roles,54,Manual loading of irregular and fragile cargo; Navigating complex urban environments with obstacles; Emergency situation response and quick decision-making; Customer interaction and conflict resolution during delivery
Landscape Architects,84,19580,79660,3.5,AI coding assistants reducing developer demand; Automated data interpretation and insight generation; Generative AI producing marketing and creative copy,34,Safety-critical judgment in design review; Cross-disciplinary collaboration on complex projects; Client communication and technical consultation; On-site problem-solving in variable physical conditions
Landscaping and Groundskeeping Workers,22,943430,38090,3.6,Automated grounds-keeping and landscaping equipment; IoT-based predictive maintenance scheduling; Robotic cleaning and facility maintenance systems; Remote monitoring reducing on-site maintenance staff,45,Tenant and occupant relationship management; Responding to unpredictable facility emergencies; Physical work in diverse and unstructured environments; Judgment calls on repair vs. replacement decisions
"Lathe and Turning Machine Tool Setters, Operators, and Tenders, Metal and Plastic",34,18970,48620,-13.6,Cobots handling repetitive material handling tasks; Smart factory scheduling and production optimization; Predictive maintenance reducing manual inspection roles; Automated CNC programming and machine operation; AI quality inspection via computer vision systems,71,Coordinating workflow across diverse production teams; Setup and calibration of custom production runs; Handling non-standard materials and configurations
Laundry and Dry-Cleaning Workers,31,195360,33800,5.4,Predictive maintenance reducing manual inspection roles; Automated CNC programming and machine operation; Cobots handling repetitive material handling tasks; AI quality inspection via computer vision systems,55,Coordinating workflow across diverse production teams; Handling non-standard materials and configurations; Setup and calibration of custom production runs; Troubleshooting complex equipment malfunctions
Law Enforcement Workers,35,1177270,70530,-0.8,AI-powered surveillance and threat detection systems; Autonomous patrol and security robots; Drone-based perimeter monitoring and response,35,Split-second judgment in life-threatening situations; De-escalation of volatile interpersonal confrontations; Physical apprehension and emergency response; Community relationship-building and trust development
"Law Teachers, Postsecondary",95,22800,126650,2.2,Virtual classroom platforms reducing instructor demand; AI-generated curriculum and lesson plan content; Generative AI producing marketing and creative copy; Adaptive learning technology replacing remedial roles,50,Mentoring students through personal and academic challenges; Managing classroom dynamics and student behavior; Adapting instruction to individual learning needs in real-time; Inspiring and motivating students through personal connection
Lawyers,88,747750,151160,4.1,Legal research tools powered by large language models; Large language model automation of analysis tasks; AI summarization replacing manual report compilation,31,Courtroom advocacy and persuasive oral argument; Negotiating settlements requiring empathy and persuasion; Nuanced legal strategy in novel or precedent-setting cases; Client counseling on sensitive and complex matters
"Lawyers, Judges, and Related Workers",35,810640,144040,4,AI contract review and due diligence automation; E-discovery AI reducing paralegal review needs; AI compliance monitoring and regulatory analysis,17,Negotiating settlements requiring empathy and persuasion; Ethical judgment in adversarial situations; Client counseling on sensitive and complex matters; Nuanced legal strategy in novel or precedent-setting cases; Courtroom advocacy and persuasive oral argument
"Layout Workers, Metal and Plastic",22,5610,61870,-5.4,Predictive maintenance reducing manual inspection roles; Industrial robotics replacing manual assembly tasks; AI quality inspection via computer vision systems; Automated CNC programming and machine operation,57,Troubleshooting complex equipment malfunctions; Coordinating workflow across diverse production teams; Quality judgment requiring tactile and visual inspection; Handling non-standard materials and configurations
Legal Secretaries and Administrative Assistants,95,154540,54140,-5.8,AI-generated written content replacing manual drafting; AI summarization replacing manual report compilation; Automated invoice and expense processing; AI scheduling and calendar management assistants; Smart form extraction replacing manual data processing,80,Coordinating complex multi-party events and logistics; Managing sensitive interpersonal workplace situations; Building trust-based relationships with executives
Legal Support Workers,35,462770,60930,0.2,AI contract review and due diligence automation; E-discovery AI reducing paralegal review needs; Legal research tools powered by large language models,35,Courtroom advocacy and persuasive oral argument; Client counseling on sensitive and complex matters; Nuanced legal strategy in novel or precedent-setting cases; Ethical judgment in adversarial situations
"Legal Support Workers, All Other",35,47380,68760,-1.2,AI compliance monitoring and regulatory analysis; E-discovery AI reducing paralegal review needs; Automated document drafting for standard filings; Legal research tools powered by large language models,53,Courtroom advocacy and persuasive oral argument; Negotiating settlements requiring empathy and persuasion; Nuanced legal strategy in novel or precedent-setting cases; Client counseling on sensitive and complex matters
Legislators,86,26510,44810,3.4,AI strategic decision-support dashboards; Automated data interpretation and insight generation; AI-generated written content replacing manual drafting; AI-powered research and literature review tools,48,Inspiring and leading teams through organizational change; Navigating complex interpersonal and political dynamics; Strategic vision-setting in uncertain markets; Conflict resolution and mediation across departments
Librarians and Media Collections Specialists,84,131830,64320,1.7,AI-generated curriculum and lesson plan content; Automated data interpretation and insight generation; AI-powered research and literature review tools; Chatbot displacement of customer-facing interactions,58,Developing creative and engaging hands-on lessons; Mentoring students through personal and academic challenges; Managing classroom dynamics and student behavior; Adapting instruction to individual learning needs in real-time
"Librarians, Curators, and Archivists",35,238010,57100,-0.3,Adaptive learning technology replacing remedial roles; Virtual classroom platforms reducing instructor demand; AI-generated curriculum and lesson plan content; Automated grading and assessment tools,46,Managing classroom dynamics and student behavior; Adapting instruction to individual learning needs in real-time; Inspiring and motivating students through personal connection; Mentoring students through personal and academic challenges
"Library Assistants, Clerical",84,80070,36010,-6.7,Large language model automation of analysis tasks; Generative AI producing marketing and creative copy; AI-powered research and literature review tools; Intelligent document processing and OCR automation; Chatbot displacement of customer-facing interactions,77,Exercising discretion in ambiguous administrative decisions; Handling confidential and politically sensitive information; Building trust-based relationships with executives
"Library Science Teachers, Postsecondary",95,4100,78630,3,Large language model automation of analysis tasks; AI tutoring systems providing personalized instruction; Automated data interpretation and insight generation; Automated grading and assessment tools,54,Mentoring students through personal and academic challenges; Inspiring and motivating students through personal connection; Developing creative and engaging hands-on lessons; Adapting instruction to individual learning needs in real-time
Library Technicians,82,73770,39970,-6.8,Large language model automation of analysis tasks; AI-powered research and literature review tools; AI summarization replacing manual report compilation; AI coding assistants reducing developer demand; Chatbot displacement of customer-facing interactions,78,Mentoring students through personal and academic challenges; Inspiring and motivating students through personal connection; Developing creative and engaging hands-on lessons
Licensed Practical and Licensed Vocational Nurses,46,632430,62340,2.6,Administrative automation of medical billing and coding; AI clinical decision-support tools guiding treatment; Natural language processing for clinical documentation,36,Ethical decision-making in end-of-life situations; Interdisciplinary care coordination; Hands-on physical examination and procedures; Complex clinical judgment in ambiguous presentations
Life Scientists,35,374670,90500,5.9,AI-accelerated data analysis and pattern recognition; Automated laboratory instrumentation and workflows; Machine learning models replacing manual hypothesis testing,32,Designing novel experiments and research methodologies; Interpreting ambiguous results with domain expertise; Fieldwork in unstructured natural environments; Collaborative scientific discourse and peer review
"Life Scientists, All Other",35,7320,87800,3.7,Machine learning models replacing manual hypothesis testing; AI literature review and meta-analysis automation; Automated laboratory instrumentation and workflows,32,Designing novel experiments and research methodologies; Fieldwork in unstructured natural environments; Ethical oversight of research involving human subjects; Collaborative scientific discourse and peer review
"Life, Physical, and Social Science Technicians",35,373260,55810,3.4,Automated laboratory instrumentation and workflows; AI literature review and meta-analysis automation; Robotic sample preparation and experimentation,35,Collaborative scientific discourse and peer review; Fieldwork in unstructured natural environments; Interpreting ambiguous results with domain expertise; Ethical oversight of research involving human subjects
"Life, Physical, and Social Science Technicians, All Other",84,71400,60130,3.5,AI-accelerated data analysis and pattern recognition; Machine learning models replacing manual hypothesis testing; Generative AI producing marketing and creative copy; Large language model automation of analysis tasks,60,Ethical oversight of research involving human subjects; Fieldwork in unstructured natural environments; Collaborative scientific discourse and peer review
"Lifeguards, Ski Patrol, and Other Recreational Protective Service Workers",34,143590,33720,5.8,Automated access control and identity verification; AI-powered surveillance and threat detection systems; Predictive policing and crime analytics; Drone-based perimeter monitoring and response,54,Community relationship-building and trust development; Physical apprehension and emergency response; Navigating legally and ethically complex enforcement scenarios; Split-second judgment in life-threatening situations
Light Truck Drivers,59,994410,44140,7.3,Automated warehouse sorting and loading systems; Autonomous vehicle and self-driving truck technology; Predictive maintenance reducing manual inspection needs; Drone delivery displacing last-mile logistics workers,59,Navigating unpredictable road and weather conditions; Customer interaction and conflict resolution during delivery; Manual loading of irregular and fragile cargo; Emergency situation response and quick decision-making
Lighting Technicians,31,10130,60560,-4.6,AI video editing and post-production automation; AI music composition and audio production; AI copywriting tools reducing editorial demand; Generative AI creating visual art and design assets,45,Collaborative creative ideation and brainstorming; Emotionally resonant storytelling and narrative craft; Live performance and audience engagement; Physical artistry and hands-on creative execution
"Loading and Moving Machine Operators, Underground Mining",42,6130,68860,-22.3,Autonomous heavy equipment operation; Robotic bricklaying and prefabrication automation; BIM-integrated automated progress tracking; 3D printing of building components,70,Fine motor craftsmanship in custom installations; Physical work in confined or elevated spaces; Adapting to unique building configurations on-site
Loan Interviewers and Clerks,87,173100,48950,-2.3,AI summarization replacing manual report compilation; Automated invoice and expense processing; AI-powered email triage and response drafting; AI-generated written content replacing manual drafting; Intelligent document processing and OCR automation,73,Building trust-based relationships with executives; Exercising discretion in ambiguous administrative decisions; Managing sensitive interpersonal workplace situations
Loan Officers,95,290530,74180,1.7,AI-powered research and literature review tools; Algorithmic trading and AI portfolio management; Automated data interpretation and insight generation; Automated financial reporting and reconciliation,68,Strategic advisory requiring deep client relationship knowledge; Navigating regulatory ambiguity and compliance judgment; Ethical judgment in fiduciary and advisory roles
"Locker Room, Coatroom, and Dressing Room Attendants",46,14960,34800,6.4,Automated booking and client management platforms; Robotic massage and physical therapy devices; Virtual try-on technology reducing in-person consultations; AI fitness coaching apps displacing personal trainers,49,Building trust and rapport with repeat clients; Personalized hands-on service requiring tactile skill; Creative aesthetic judgment for individual clients; Emotional support and active listening during sessions
Locksmiths and Safe Repairers,34,15550,50490,-8.3,Predictive maintenance AI reducing reactive repair needs; Augmented reality-guided remote diagnostics; Automated fault detection via IoT sensor networks; Robotic inspection of hard-to-reach equipment,64,"Diagnosing novel equipment failures through physical inspection; Customer communication about technical issues; Working in confined, elevated, or hazardous spaces"
Locomotive Engineers,42,31990,77400,0.7,Drone delivery displacing last-mile logistics workers; AI route optimization reducing dispatcher roles; Automated warehouse sorting and loading systems; Autonomous vehicle and self-driving truck technology,61,Emergency situation response and quick decision-making; Navigating unpredictable road and weather conditions; Customer interaction and conflict resolution during delivery
Lodging Managers,67,41350,68130,3.4,Chatbot displacement of customer-facing interactions; AI summarization replacing manual report compilation; Chatbot-based employee self-service reducing HR management,38,Conflict resolution and mediation across departments; Strategic vision-setting in uncertain markets; Navigating complex interpersonal and political dynamics; Building organizational culture and employee engagement
Log Graders and Scalers,67,3310,46710,-0.7,Autonomous harvesting and planting machinery; Drone crop monitoring and precision spraying; Generative AI producing marketing and creative copy; Robotic sorting and packing of produce,69,Adapting to variable weather and terrain conditions; Managing livestock behavior and welfare; Operating in unstructured and remote environments
Logging Equipment Operators,31,22520,49210,-1.4,AI-driven irrigation and soil analysis systems; Drone crop monitoring and precision spraying; Satellite and sensor-based yield prediction models; Autonomous harvesting and planting machinery,57,Assessing crop health through hands-on field inspection; Adapting to variable weather and terrain conditions; Managing livestock behavior and welfare; Operating in unstructured and remote environments
"Logging Workers, All Other",35,2160,52000,-4.7,Autonomous harvesting and planting machinery; Robotic sorting and packing of produce; Drone crop monitoring and precision spraying; AI-driven irrigation and soil analysis systems,52,Managing livestock behavior and welfare; Operating in unstructured and remote environments; Adapting to variable weather and terrain conditions; Assessing crop health through hands-on field inspection
Logisticians,80,235640,80880,16.7,AI-powered research and literature review tools; Automated financial reporting and reconciliation; Large language model automation of analysis tasks,36,Crisis financial decision-making under uncertainty; Navigating regulatory ambiguity and compliance judgment; Strategic advisory requiring deep client relationship knowledge; Stakeholder management in complex organizational settings
Machine Feeders and Offbearers,53,46690,39700,-13,Autonomous vehicle and self-driving truck technology; Drone delivery displacing last-mile logistics workers; AI route optimization reducing dispatcher roles; AI traffic management and fleet coordination; Automated warehouse sorting and loading systems,78,Manual loading of irregular and fragile cargo; Navigating unpredictable road and weather conditions; Customer interaction and conflict resolution during delivery
Machinists,44,298790,56150,0,Cobots handling repetitive material handling tasks; Smart factory scheduling and production optimization; Predictive maintenance reducing manual inspection roles; Industrial robotics replacing manual assembly tasks,51,Handling non-standard materials and configurations; Troubleshooting complex equipment malfunctions; Quality judgment requiring tactile and visual inspection; Setup and calibration of custom production runs
Magnetic Resonance Imaging Technologists,76,41530,88180,7.1,AI clinical decision-support tools guiding treatment; Large language model automation of analysis tasks; AI-powered research and literature review tools; Administrative automation of medical billing and coding,42,Ethical decision-making in end-of-life situations; Interdisciplinary care coordination; Hands-on physical examination and procedures; Emergency triage requiring rapid human judgment
Maids and Housekeeping Cleaners,38,854910,34660,0.4,Automated grounds-keeping and landscaping equipment; Remote monitoring reducing on-site maintenance staff; AI-driven building management and energy optimization; Robotic cleaning and facility maintenance systems,55,Tenant and occupant relationship management; Hands-on troubleshooting of building systems; Judgment calls on repair vs. replacement decisions; Physical work in diverse and unstructured environments
"Mail Clerks and Mail Machine Operators, Except Postal Service",61,62730,38150,-6.6,Robotic process automation of data entry workflows; AI-generated written content replacing manual drafting; AI coding assistants reducing developer demand; Generative AI producing marketing and creative copy; Automated invoice and expense processing,72,Handling confidential and politically sensitive information; Building trust-based relationships with executives; Managing sensitive interpersonal workplace situations
"Maintenance and Repair Workers, General",34,1531700,48620,3.8,Robotic inspection of hard-to-reach equipment; Automated fault detection via IoT sensor networks; AI parts inventory and supply chain optimization; Augmented reality-guided remote diagnostics,49,"Hands-on fine motor work in intricate machinery; Customer communication about technical issues; Adapting repairs to non-standard or legacy equipment; Working in confined, elevated, or hazardous spaces"
"Maintenance Workers, Machinery",24,56540,60500,-2.8,Augmented reality-guided remote diagnostics; Predictive maintenance AI reducing reactive repair needs; AI parts inventory and supply chain optimization; Automated fault detection via IoT sensor networks,58,"Adapting repairs to non-standard or legacy equipment; Customer communication about technical issues; Working in confined, elevated, or hazardous spaces; Diagnosing novel equipment failures through physical inspection"
"Makeup Artists, Theatrical and Performance",84,3320,50280,8.1,Automated data interpretation and insight generation; Robotic massage and physical therapy devices; Chatbot displacement of customer-facing interactions,38,Emotional support and active listening during sessions; Personalized hands-on service requiring tactile skill; Building trust and rapport with repeat clients; Adapting techniques to individual body types and preferences
Management Analysts,87,893900,101190,8.8,AI-generated written content replacing manual drafting; AI summarization replacing manual report compilation; Automated data interpretation and insight generation,39,Stakeholder management in complex organizational settings; Navigating regulatory ambiguity and compliance judgment; Ethical judgment in fiduciary and advisory roles; Crisis financial decision-making under uncertainty
"Managers, All Other",69,630980,136550,4.5,Large language model automation of analysis tasks; AI coding assistants reducing developer demand; AI summarization replacing manual report compilation,36,Building organizational culture and employee engagement; Navigating complex interpersonal and political dynamics; Inspiring and leading teams through organizational change; Strategic vision-setting in uncertain markets
Manicurists and Pedicurists,53,147820,34660,7,Automated booking and client management platforms; Virtual try-on technology reducing in-person consultations; Robotic massage and physical therapy devices; AI-powered skincare and beauty recommendation apps,61,Creative aesthetic judgment for individual clients; Emotional support and active listening during sessions; Adapting techniques to individual body types and preferences
Manufactured Building and Mobile Home Installers,21,2610,41080,5.9,AI parts inventory and supply chain optimization; Robotic inspection of hard-to-reach equipment; Augmented reality-guided remote diagnostics,36,"Adapting repairs to non-standard or legacy equipment; Working in confined, elevated, or hazardous spaces; Customer communication about technical issues; Diagnosing novel equipment failures through physical inspection"
Marine Engineers and Naval Architects,71,8440,105670,5.8,Robotic inspection and testing automation; AI-powered research and literature review tools; AI coding assistants reducing developer demand,33,Client communication and technical consultation; Safety-critical judgment in design review; Cross-disciplinary collaboration on complex projects; On-site problem-solving in variable physical conditions
Market Research Analysts and Marketing Specialists,87,861140,76950,6.7,Large language model automation of analysis tasks; Algorithmic trading and AI portfolio management; Automated financial reporting and reconciliation; AI-driven fraud detection replacing manual review,54,Navigating regulatory ambiguity and compliance judgment; Stakeholder management in complex organizational settings; Ethical judgment in fiduciary and advisory roles; Strategic advisory requiring deep client relationship knowledge
Marketing Managers,95,384980,161030,6.6,Project management automation and resource allocation AI; Automated performance analytics and reporting; AI-powered research and literature review tools,27,Strategic vision-setting in uncertain markets; Conflict resolution and mediation across departments; Building organizational culture and employee engagement; Inspiring and leading teams through organizational change; Navigating complex interpersonal and political dynamics
Marriage and Family Therapists,83,65870,63780,12.6,AI translation and accessibility tools reducing interpreter needs; AI coding assistants reducing developer demand; AI-powered research and literature review tools,32,Cultural sensitivity in diverse community contexts; Navigating complex family and community dynamics; Deep empathetic engagement with vulnerable populations; Advocacy and relationship-building with institutions
Massage Therapists,67,96040,57950,15.4,Automated data interpretation and insight generation; Administrative automation of health records management; Robotic assistance in patient mobility and care; AI coding assistants reducing developer demand,55,Compassionate hands-on patient care and comfort; Building rapport with patients and families; Responding to unpredictable patient emergencies; Physical repositioning and mobility assistance
Material Moving Workers,35,7871860,38340,3.4,Automated warehouse sorting and loading systems; Drone delivery displacing last-mile logistics workers; Predictive maintenance reducing manual inspection needs,37,Emergency situation response and quick decision-making; Navigating unpredictable road and weather conditions; Manual loading of irregular and fragile cargo; Navigating complex urban environments with obstacles
"Material Moving Workers, All Other",35,25190,41690,4.3,Automated warehouse sorting and loading systems; AI traffic management and fleet coordination; Drone delivery displacing last-mile logistics workers,36,Navigating unpredictable road and weather conditions; Navigating complex urban environments with obstacles; Emergency situation response and quick decision-making; Customer interaction and conflict resolution during delivery
"Material Recording, Scheduling, Dispatching, and Distributing Workers",35,2319860,48090,-2.8,Robotic process automation of data entry workflows; AI-powered email triage and response drafting; Smart form extraction replacing manual data processing,39,Coordinating complex multi-party events and logistics; Exercising discretion in ambiguous administrative decisions; Managing sensitive interpersonal workplace situations; Building trust-based relationships with executives
Materials Engineers,76,22770,108310,5.7,Large language model automation of analysis tasks; AI-optimized manufacturing process design; Automated data interpretation and insight generation,34,Safety-critical judgment in design review; Cross-disciplinary collaboration on complex projects; Client communication and technical consultation; On-site problem-solving in variable physical conditions
Materials Scientists,67,8330,104160,4.9,AI coding assistants reducing developer demand; AI-powered research and literature review tools; Chatbot displacement of customer-facing interactions,35,Collaborative scientific discourse and peer review; Designing novel experiments and research methodologies; Interpreting ambiguous results with domain expertise; Ethical oversight of research involving human subjects
Mathematical Science Occupations,35,406230,104620,27.1,Automated testing and CI/CD pipeline intelligence; AI pair-programming and code generation tools; Cloud automation reducing infrastructure management roles,31,Mentoring junior developers and team leadership; Stakeholder negotiation and requirements elicitation; Crisis debugging of complex production incidents; Cross-functional collaboration on ambiguous problems
"Mathematical Science Occupations, All Other",82,4660,71490,4,AI pair-programming and code generation tools; Automated data interpretation and insight generation; AI-generated written content replacing manual drafting; AI-powered research and literature review tools,67,Stakeholder negotiation and requirements elicitation; Architecting novel systems requiring creative problem-solving; Cross-functional collaboration on ambiguous problems
"Mathematical Science Teachers, Postsecondary",95,48820,79350,2.3,AI-generated curriculum and lesson plan content; AI tutoring systems providing personalized instruction; Automated grading and assessment tools; AI coding assistants reducing developer demand,54,Developing creative and engaging hands-on lessons; Inspiring and motivating students through personal connection; Managing classroom dynamics and student behavior; Adapting instruction to individual learning needs in real-time
Mathematicians,87,2220,121680,-0.7,AI pair-programming and code generation tools; AI-driven cybersecurity threat detection replacing analysts; Automated testing and CI/CD pipeline intelligence,24,Architecting novel systems requiring creative problem-solving; Stakeholder negotiation and requirements elicitation; Ethical AI oversight and bias auditing; Cross-functional collaboration on ambiguous problems; Crisis debugging of complex production incidents
"Meat, Poultry, and Fish Cutters and Trimmers",10,141090,37700,5.5,AI quality inspection via computer vision systems; Industrial robotics replacing manual assembly tasks; Cobots handling repetitive material handling tasks; Predictive maintenance reducing manual inspection roles,57,Troubleshooting complex equipment malfunctions; Quality judgment requiring tactile and visual inspection; Setup and calibration of custom production runs; Coordinating workflow across diverse production teams
Mechanical Door Repairers,10,27970,51050,11.4,Automated fault detection via IoT sensor networks; Robotic inspection of hard-to-reach equipment; Augmented reality-guided remote diagnostics; Predictive maintenance AI reducing reactive repair needs,55,"Customer communication about technical issues; Adapting repairs to non-standard or legacy equipment; Working in confined, elevated, or hazardous spaces; Diagnosing novel equipment failures through physical inspection"
Mechanical Drafters,61,39900,68510,-6.5,Automated structural and systems analysis software; AI-optimized manufacturing process design; Large language model automation of analysis tasks; Simulation and digital twin automation,58,Safety-critical judgment in design review; Cross-disciplinary collaboration on complex projects; Client communication and technical consultation; On-site problem-solving in variable physical conditions
Mechanical Engineering Technologists and Technicians,68,37450,68730,0,Automated data interpretation and insight generation; AI-optimized manufacturing process design; Chatbot displacement of customer-facing interactions; Automated structural and systems analysis software,46,Cross-disciplinary collaboration on complex projects; Novel engineering design for unprecedented challenges; Client communication and technical consultation; Safety-critical judgment in design review
Mechanical Engineers,67,286760,102320,9.1,Simulation and digital twin automation; AI-optimized manufacturing process design; Automated data interpretation and insight generation,32,On-site problem-solving in variable physical conditions; Novel engineering design for unprecedented challenges; Safety-critical judgment in design review; Cross-disciplinary collaboration on complex projects
Media and Communication Equipment Workers,35,231910,56480,1.7,Generative AI creating visual art and design assets; AI video editing and post-production automation; AI music composition and audio production,35,Collaborative creative ideation and brainstorming; Original creative vision and artistic direction; Live performance and audience engagement; Physical artistry and hands-on creative execution
"Media and Communication Equipment Workers, All Other",35,13020,67190,0.6,AI copywriting tools reducing editorial demand; AI video editing and post-production automation; AI music composition and audio production,34,Live performance and audience engagement; Physical artistry and hands-on creative execution; Cultural interpretation and contextual sensitivity; Collaborative creative ideation and brainstorming
Media and Communication Workers,35,634400,70300,2.4,AI music composition and audio production; Generative AI creating visual art and design assets; Text-to-image tools displacing graphic design work,34,Emotionally resonant storytelling and narrative craft; Cultural interpretation and contextual sensitivity; Physical artistry and hands-on creative execution; Live performance and audience engagement
"Media and Communication Workers, All Other",35,23590,71770,2.7,AI video editing and post-production automation; Generative AI creating visual art and design assets; Text-to-image tools displacing graphic design work,33,Original creative vision and artistic direction; Emotionally resonant storytelling and narrative craft; Live performance and audience engagement; Physical artistry and hands-on creative execution
Medical and Health Services Managers,84,565840,117960,23.2,Generative AI producing marketing and creative copy; Chatbot-based employee self-service reducing HR management; AI-driven workforce planning and scheduling,37,Building organizational culture and employee engagement; Strategic vision-setting in uncertain markets; Conflict resolution and mediation across departments; Navigating complex interpersonal and political dynamics
Medical Appliance Technicians,10,11490,47060,3.7,Predictive maintenance reducing manual inspection roles; Automated CNC programming and machine operation; Smart factory scheduling and production optimization; AI quality inspection via computer vision systems,41,Setup and calibration of custom production runs; Quality judgment requiring tactile and visual inspection; Handling non-standard materials and configurations; Troubleshooting complex equipment malfunctions
Medical Assistants,70,793460,44200,12.5,Administrative automation of health records management; Automated patient scheduling and intake systems; AI-driven vital sign monitoring and alerting; Chatbot displacement of customer-facing interactions,49,Physical repositioning and mobility assistance; Responding to unpredictable patient emergencies; Adapting to individual patient emotional needs; Compassionate hands-on patient care and comfort
Medical Dosimetrists,74,3970,138110,3.5,AI-assisted diagnostic imaging reducing radiologist workload; Automated patient monitoring and alert systems; AI-powered research and literature review tools,38,Emergency triage requiring rapid human judgment; Ethical decision-making in end-of-life situations; Hands-on physical examination and procedures; Empathetic patient communication and bedside manner
Medical Equipment Preparers,42,72760,46490,10,Administrative automation of health records management; AI-driven vital sign monitoring and alerting; Automated patient scheduling and intake systems; Telehealth reducing in-person support staffing needs,58,Building rapport with patients and families; Compassionate hands-on patient care and comfort; Adapting to individual patient emotional needs; Responding to unpredictable patient emergencies
Medical Equipment Repairers,44,60830,62630,12.9,Predictive maintenance AI reducing reactive repair needs; Augmented reality-guided remote diagnostics; Automated fault detection via IoT sensor networks; Robotic inspection of hard-to-reach equipment,42,"Diagnosing novel equipment failures through physical inspection; Working in confined, elevated, or hazardous spaces; Adapting repairs to non-standard or legacy equipment; Customer communication about technical issues"
Medical Records Specialists,79,187910,50250,7.1,AI clinical decision-support tools guiding treatment; AI-assisted diagnostic imaging reducing radiologist workload; AI coding assistants reducing developer demand; Generative AI producing marketing and creative copy,69,Empathetic patient communication and bedside manner; Complex clinical judgment in ambiguous presentations; Ethical decision-making in end-of-life situations
"Medical Scientists, Except Epidemiologists",83,156300,100590,8.7,Large language model automation of analysis tasks; AI-accelerated data analysis and pattern recognition; AI coding assistants reducing developer demand,38,Designing novel experiments and research methodologies; Interpreting ambiguous results with domain expertise; Fieldwork in unstructured natural environments; Ethical oversight of research involving human subjects
Medical Secretaries and Administrative Assistants,83,830760,44640,4.2,Generative AI producing marketing and creative copy; Automated data interpretation and insight generation; Large language model automation of analysis tasks; Automated invoice and expense processing,67,Coordinating complex multi-party events and logistics; Building trust-based relationships with executives; Managing sensitive interpersonal workplace situations
Medical Transcriptionists,84,43070,37550,-4.9,Telehealth reducing in-person support staffing needs; Administrative automation of health records management; Chatbot displacement of customer-facing interactions; Generative AI producing marketing and creative copy; AI-generated written content replacing manual drafting,75,Responding to unpredictable patient emergencies; Building rapport with patients and families; Physical repositioning and mobility assistance
"Meeting, Convention, and Event Planners",78,134670,59440,4.8,AI coding assistants reducing developer demand; Large language model automation of analysis tasks; Automated tax preparation and compliance tools,37,Crisis financial decision-making under uncertainty; Stakeholder management in complex organizational settings; Navigating regulatory ambiguity and compliance judgment; Strategic advisory requiring deep client relationship knowledge
Mental Health and Substance Abuse Social Workers,81,125910,60060,9.7,AI-driven case management and resource matching; AI coding assistants reducing developer demand; Data analytics optimizing community program delivery,36,Cultural sensitivity in diverse community contexts; Navigating complex family and community dynamics; Deep empathetic engagement with vulnerable populations; Crisis intervention requiring immediate human judgment
Merchandise Displayers and Window Trimmers,46,192480,37350,3.2,Automated content curation and social media management; AI copywriting tools reducing editorial demand; AI music composition and audio production; Text-to-image tools displacing graphic design work,47,Physical artistry and hands-on creative execution; Original creative vision and artistic direction; Live performance and audience engagement; Collaborative creative ideation and brainstorming
Metal Workers and Plastic Workers,35,1599780,48660,-3.5,Automated CNC programming and machine operation; AI quality inspection via computer vision systems; Cobots handling repetitive material handling tasks,39,Setup and calibration of custom production runs; Quality judgment requiring tactile and visual inspection; Troubleshooting complex equipment malfunctions; Coordinating workflow across diverse production teams
"Metal Workers and Plastic Workers, All Other",35,20270,42750,-9.5,Cobots handling repetitive material handling tasks; Smart factory scheduling and production optimization; AI quality inspection via computer vision systems; Predictive maintenance reducing manual inspection roles,61,Handling non-standard materials and configurations; Troubleshooting complex equipment malfunctions; Coordinating workflow across diverse production teams
Metal-Refining Furnace Operators and Tenders,46,20330,55770,-2.3,Industrial robotics replacing manual assembly tasks; AI quality inspection via computer vision systems; Automated CNC programming and machine operation; Predictive maintenance reducing manual inspection roles,63,Troubleshooting complex equipment malfunctions; Quality judgment requiring tactile and visual inspection; Coordinating workflow across diverse production teams
"Meter Readers, Utilities",53,19620,49180,-12,Intelligent document processing and OCR automation; Smart form extraction replacing manual data processing; AI scheduling and calendar management assistants; Robotic process automation of data entry workflows; Automated invoice and expense processing,74,Building trust-based relationships with executives; Coordinating complex multi-party events and logistics; Managing sensitive interpersonal workplace situations
Microbiologists,84,19760,87330,4.1,Large language model automation of analysis tasks; AI-accelerated data analysis and pattern recognition; Robotic sample preparation and experimentation,40,Designing novel experiments and research methodologies; Collaborative scientific discourse and peer review; Interpreting ambiguous results with domain expertise; Fieldwork in unstructured natural environments
"Middle School Teachers, Except Special and Career/Technical Education",76,620370,62970,-2,Chatbot displacement of customer-facing interactions; AI-generated curriculum and lesson plan content; Virtual classroom platforms reducing instructor demand; Automated grading and assessment tools,43,Inspiring and motivating students through personal connection; Adapting instruction to individual learning needs in real-time; Managing classroom dynamics and student behavior; Mentoring students through personal and academic challenges
"Milling and Planing Machine Setters, Operators, and Tenders, Metal and Plastic",44,13810,48310,-14.4,Industrial robotics replacing manual assembly tasks; Predictive maintenance reducing manual inspection roles; AI quality inspection via computer vision systems; Smart factory scheduling and production optimization; Cobots handling repetitive material handling tasks,78,Troubleshooting complex equipment malfunctions; Quality judgment requiring tactile and visual inspection; Setup and calibration of custom production runs
Millwrights,19,40660,65170,0,Predictive maintenance AI reducing reactive repair needs; Augmented reality-guided remote diagnostics; Automated fault detection via IoT sensor networks; Robotic inspection of hard-to-reach equipment,46,"Diagnosing novel equipment failures through physical inspection; Working in confined, elevated, or hazardous spaces; Adapting repairs to non-standard or legacy equipment; Hands-on fine motor work in intricate machinery"
"Mining and Geological Engineers, Including Mining Safety Engineers",64,6770,101020,0.7,Generative AI producing marketing and creative copy; AI-optimized manufacturing process design; AI-generated written content replacing manual drafting,35,Safety-critical judgment in design review; On-site problem-solving in variable physical conditions; Novel engineering design for unprecedented challenges; Client communication and technical consultation
Miscellaneous Assemblers and Fabricators,35,1457800,42210,-0.1,Cobots handling repetitive material handling tasks; AI quality inspection via computer vision systems; Automated CNC programming and machine operation; Industrial robotics replacing manual assembly tasks,54,Handling non-standard materials and configurations; Troubleshooting complex equipment malfunctions; Coordinating workflow across diverse production teams; Quality judgment requiring tactile and visual inspection
Miscellaneous Construction and Related Workers,35,33530,48120,3.5,Robotic bricklaying and prefabrication automation; AI project scheduling and resource optimization; 3D printing of building components; Autonomous heavy equipment operation,49,Real-time safety judgment in hazardous conditions; Adapting to unique building configurations on-site; Client-facing consultation on custom project needs; Fine motor craftsmanship in custom installations
"Mixing and Blending Machine Setters, Operators, and Tenders",61,100840,47680,-6.8,Large language model automation of analysis tasks; Generative AI producing marketing and creative copy; Cobots handling repetitive material handling tasks; AI coding assistants reducing developer demand,70,Setup and calibration of custom production runs; Handling non-standard materials and configurations; Quality judgment requiring tactile and visual inspection
"Mobile Heavy Equipment Mechanics, Except Engines",45,180270,63980,5.8,Predictive maintenance AI reducing reactive repair needs; Augmented reality-guided remote diagnostics; Automated fault detection via IoT sensor networks; Robotic inspection of hard-to-reach equipment,46,"Customer communication about technical issues; Working in confined, elevated, or hazardous spaces; Hands-on fine motor work in intricate machinery; Diagnosing novel equipment failures through physical inspection"
"Model Makers, Metal and Plastic",48,3230,62700,-18.2,Smart factory scheduling and production optimization; Cobots handling repetitive material handling tasks; Industrial robotics replacing manual assembly tasks; Predictive maintenance reducing manual inspection roles; AI quality inspection via computer vision systems,78,Setup and calibration of custom production runs; Troubleshooting complex equipment malfunctions; Quality judgment requiring tactile and visual inspection
"Model Makers, Wood",59,360,51850,-4.5,Predictive maintenance reducing manual inspection roles; Automated CNC programming and machine operation; Cobots handling repetitive material handling tasks; Smart factory scheduling and production optimization,68,Setup and calibration of custom production runs; Quality judgment requiring tactile and visual inspection; Troubleshooting complex equipment malfunctions
Models,78,5350,89990,-0.5,Automated CRM lead scoring and outreach; Self-checkout and cashierless store technology; E-commerce automation reducing in-store sales staff; Chatbot displacement of customer-facing interactions,68,In-person product demonstrations and hands-on experience; Reading customer emotional cues and adapting approach; Consultative selling for complex or high-value products
"Molders, Shapers, and Casters, Except Metal and Plastic",38,34750,45690,6.2,AI quality inspection via computer vision systems; Industrial robotics replacing manual assembly tasks; Cobots handling repetitive material handling tasks; Predictive maintenance reducing manual inspection roles,59,Troubleshooting complex equipment malfunctions; Quality judgment requiring tactile and visual inspection; Handling non-standard materials and configurations; Setup and calibration of custom production runs
"Molding, Coremaking, and Casting Machine Setters, Operators, and Tenders, Metal and Plastic",34,154820,41230,-3.8,Predictive maintenance reducing manual inspection roles; AI quality inspection via computer vision systems; Smart factory scheduling and production optimization; Cobots handling repetitive material handling tasks,66,Handling non-standard materials and configurations; Quality judgment requiring tactile and visual inspection; Setup and calibration of custom production runs
"Morticians, Undertakers, and Funeral Arrangers",74,25700,49800,3.1,AI-powered skincare and beauty recommendation apps; Virtual try-on technology reducing in-person consultations; Automated booking and client management platforms; Robotic massage and physical therapy devices,44,Adapting techniques to individual body types and preferences; Emotional support and active listening during sessions; Building trust and rapport with repeat clients; Personalized hands-on service requiring tactile skill
Motion Picture Projectionists,34,1950,38180,-3.7,Robotic massage and physical therapy devices; Automated booking and client management platforms; Virtual try-on technology reducing in-person consultations; AI fitness coaching apps displacing personal trainers,66,Creative aesthetic judgment for individual clients; Emotional support and active listening during sessions; Adapting techniques to individual body types and preferences
Motor Vehicle Operators,35,4328760,48660,5.3,Autonomous vehicle and self-driving truck technology; Automated warehouse sorting and loading systems; Predictive maintenance reducing manual inspection needs,36,Navigating complex urban environments with obstacles; Customer interaction and conflict resolution during delivery; Emergency situation response and quick decision-making; Manual loading of irregular and fragile cargo
"Motor Vehicle Operators, All Other",35,50330,36260,6,Autonomous vehicle and self-driving truck technology; AI route optimization reducing dispatcher roles; Drone delivery displacing last-mile logistics workers,37,Navigating unpredictable road and weather conditions; Customer interaction and conflict resolution during delivery; Manual loading of irregular and fragile cargo; Emergency situation response and quick decision-making
Motorboat Mechanics and Service Technicians,24,24250,54950,6,Robotic inspection of hard-to-reach equipment; Automated fault detection via IoT sensor networks; AI parts inventory and supply chain optimization; Augmented reality-guided remote diagnostics,50,"Working in confined, elevated, or hazardous spaces; Customer communication about technical issues; Diagnosing novel equipment failures through physical inspection; Hands-on fine motor work in intricate machinery"
Motorboat Operators,27,2380,51880,1.4,AI traffic management and fleet coordination; Autonomous vehicle and self-driving truck technology; AI route optimization reducing dispatcher roles; Automated warehouse sorting and loading systems,50,Navigating unpredictable road and weather conditions; Customer interaction and conflict resolution during delivery; Manual loading of irregular and fragile cargo; Emergency situation response and quick decision-making
Motorcycle Mechanics,10,14010,47200,5.3,Predictive maintenance AI reducing reactive repair needs; Automated fault detection via IoT sensor networks; Augmented reality-guided remote diagnostics; Robotic inspection of hard-to-reach equipment,52,"Hands-on fine motor work in intricate machinery; Working in confined, elevated, or hazardous spaces; Customer communication about technical issues; Adapting repairs to non-standard or legacy equipment"
"Multiple Machine Tool Setters, Operators, and Tenders, Metal and Plastic",45,129850,46060,-0.5,Industrial robotics replacing manual assembly tasks; AI quality inspection via computer vision systems; Cobots handling repetitive material handling tasks; Automated CNC programming and machine operation,63,Troubleshooting complex equipment malfunctions; Quality judgment requiring tactile and visual inspection; Setup and calibration of custom production runs
Museum Technicians and Conservators,55,13070,47460,5.4,AI tutoring systems providing personalized instruction; Virtual classroom platforms reducing instructor demand; Automated grading and assessment tools; AI-generated curriculum and lesson plan content,50,Inspiring and motivating students through personal connection; Developing creative and engaging hands-on lessons; Adapting instruction to individual learning needs in real-time; Mentoring students through personal and academic challenges
Music Directors and Composers,95,12330,63670,-0.3,Generative AI creating visual art and design assets; AI summarization replacing manual report compilation; AI video editing and post-production automation,33,Original creative vision and artistic direction; Physical artistry and hands-on creative execution; Collaborative creative ideation and brainstorming; Live performance and audience engagement
Musical Instrument Repairers and Tuners,10,5730,45320,1.4,Robotic inspection of hard-to-reach equipment; Automated fault detection via IoT sensor networks; Augmented reality-guided remote diagnostics; AI parts inventory and supply chain optimization,55,"Customer communication about technical issues; Hands-on fine motor work in intricate machinery; Adapting repairs to non-standard or legacy equipment; Working in confined, elevated, or hazardous spaces"
Musicians and Singers,95,38350,50000,1.1,Large language model automation of analysis tasks; Automated content curation and social media management; AI-powered research and literature review tools,39,Live performance and audience engagement; Cultural interpretation and contextual sensitivity; Original creative vision and artistic direction; Physical artistry and hands-on creative execution
Natural Sciences Managers,81,100870,161180,3.7,AI-driven workforce planning and scheduling; Automated performance analytics and reporting; AI strategic decision-support dashboards,27,Navigating complex interpersonal and political dynamics; Inspiring and leading teams through organizational change; Building organizational culture and employee engagement; Conflict resolution and mediation across departments; Strategic vision-setting in uncertain markets
Network and Computer Systems Administrators,72,318570,96800,-4.2,AI summarization replacing manual report compilation; Automated data interpretation and insight generation; AI pair-programming and code generation tools,39,Mentoring junior developers and team leadership; Ethical AI oversight and bias auditing; Crisis debugging of complex production incidents; Cross-functional collaboration on ambiguous problems
Neurologists,83,7700,239200,5.4,AI-assisted diagnostic imaging reducing radiologist workload; AI clinical decision-support tools guiding treatment; Telehealth platforms automating triage and intake; Administrative automation of medical billing and coding,50,Hands-on physical examination and procedures; Complex clinical judgment in ambiguous presentations; Emergency triage requiring rapid human judgment; Interdisciplinary care coordination
New Accounts Clerks,83,38030,46610,-13.2,Intelligent document processing and OCR automation; AI-powered email triage and response drafting; Generative AI producing marketing and creative copy; Robotic process automation of data entry workflows; AI-powered research and literature review tools,86,Handling confidential and politically sensitive information; Coordinating complex multi-party events and logistics; Building trust-based relationships with executives
"News Analysts, Reporters, and Journalists",95,41550,60280,-3.9,AI copywriting tools reducing editorial demand; Large language model automation of analysis tasks; Automated content curation and social media management; AI coding assistants reducing developer demand,48,Collaborative creative ideation and brainstorming; Original creative vision and artistic direction; Live performance and audience engagement; Physical artistry and hands-on creative execution
Nuclear Engineers,81,14740,127520,-1.1,AI-optimized manufacturing process design; AI-powered research and literature review tools; AI-generated written content replacing manual drafting,35,Cross-disciplinary collaboration on complex projects; Safety-critical judgment in design review; On-site problem-solving in variable physical conditions; Novel engineering design for unprecedented challenges
Nuclear Medicine Technologists,74,16960,97020,3,AI-powered research and literature review tools; Automated data interpretation and insight generation; AI clinical decision-support tools guiding treatment,40,Complex clinical judgment in ambiguous presentations; Ethical decision-making in end-of-life situations; Empathetic patient communication and bedside manner; Interdisciplinary care coordination
Nuclear Power Reactor Operators,76,5720,122610,-15.3,AI-powered research and literature review tools; Predictive maintenance reducing manual inspection roles; Industrial robotics replacing manual assembly tasks; Generative AI producing marketing and creative copy; AI summarization replacing manual report compilation,79,Quality judgment requiring tactile and visual inspection; Troubleshooting complex equipment malfunctions; Coordinating workflow across diverse production teams
Nuclear Technicians,63,5990,104240,-7.7,AI-generated written content replacing manual drafting; AI-accelerated data analysis and pattern recognition; AI-powered research and literature review tools; Generative AI producing marketing and creative copy,67,Designing novel experiments and research methodologies; Ethical oversight of research involving human subjects; Interpreting ambiguous results with domain expertise
Nurse Anesthetists,46,50350,223210,8.6,AI clinical decision-support tools guiding treatment; Automated patient monitoring and alert systems; Natural language processing for clinical documentation,36,Interdisciplinary care coordination; Hands-on physical examination and procedures; Emergency triage requiring rapid human judgment; Complex clinical judgment in ambiguous presentations
Nurse Midwives,86,8280,128790,11.1,AI-generated written content replacing manual drafting; Large language model automation of analysis tasks; Generative AI producing marketing and creative copy; Automated data interpretation and insight generation,48,Emergency triage requiring rapid human judgment; Hands-on physical examination and procedures; Complex clinical judgment in ambiguous presentations; Empathetic patient communication and bedside manner
Nurse Practitioners,74,307390,129210,40.1,AI-assisted diagnostic imaging reducing radiologist workload; Natural language processing for clinical documentation; Telehealth platforms automating triage and intake; Generative AI producing marketing and creative copy,42,Complex clinical judgment in ambiguous presentations; Emergency triage requiring rapid human judgment; Interdisciplinary care coordination; Empathetic patient communication and bedside manner
Nursing Assistants,49,1388430,39530,2.3,Automated patient scheduling and intake systems; Telehealth reducing in-person support staffing needs; Robotic assistance in patient mobility and care; Administrative automation of health records management,48,Responding to unpredictable patient emergencies; Compassionate hands-on patient care and comfort; Adapting to individual patient emotional needs; Physical repositioning and mobility assistance
"Nursing Instructors and Teachers, Postsecondary",83,74250,79940,16.8,Adaptive learning technology replacing remedial roles; Automated data interpretation and insight generation; AI coding assistants reducing developer demand; AI summarization replacing manual report compilation,47,Inspiring and motivating students through personal connection; Adapting instruction to individual learning needs in real-time; Mentoring students through personal and academic challenges; Developing creative and engaging hands-on lessons
Obstetricians and Gynecologists,86,19900,239200,1.2,Chatbot displacement of customer-facing interactions; Large language model automation of analysis tasks; Generative AI producing marketing and creative copy; Telehealth platforms automating triage and intake,54,Empathetic patient communication and bedside manner; Complex clinical judgment in ambiguous presentations; Emergency triage requiring rapid human judgment; Hands-on physical examination and procedures
Occupational Health and Safety Specialists,78,128430,83910,12.5,AI coding assistants reducing developer demand; Robotic sample preparation and experimentation; Chatbot displacement of customer-facing interactions; Large language model automation of analysis tasks,44,Designing novel experiments and research methodologies; Collaborative scientific discourse and peer review; Interpreting ambiguous results with domain expertise; Ethical oversight of research involving human subjects
Occupational Health and Safety Specialists and Technicians,35,159880,78900,11.7,Robotic sample preparation and experimentation; AI literature review and meta-analysis automation; Machine learning models replacing manual hypothesis testing,26,Interpreting ambiguous results with domain expertise; Ethical oversight of research involving human subjects; Designing novel experiments and research methodologies; Fieldwork in unstructured natural environments; Collaborative scientific discourse and peer review
Occupational Health and Safety Technicians,67,31450,58440,8.5,Large language model automation of analysis tasks; Automated laboratory instrumentation and workflows; Automated data interpretation and insight generation; AI literature review and meta-analysis automation,46,Fieldwork in unstructured natural environments; Collaborative scientific discourse and peer review; Interpreting ambiguous results with domain expertise; Designing novel experiments and research methodologies
Occupational Therapists,77,152280,98340,13.8,Natural language processing for clinical documentation; AI summarization replacing manual report compilation; Automated patient monitoring and alert systems,28,Interdisciplinary care coordination; Empathetic patient communication and bedside manner; Emergency triage requiring rapid human judgment; Hands-on physical examination and procedures; Complex clinical judgment in ambiguous presentations
Occupational Therapy Aides,67,5000,37370,2.5,Large language model automation of analysis tasks; Robotic assistance in patient mobility and care; AI-driven vital sign monitoring and alerting; Telehealth reducing in-person support staffing needs,43,Building rapport with patients and families; Physical repositioning and mobility assistance; Adapting to individual patient emotional needs; Compassionate hands-on patient care and comfort
Occupational Therapy and Physical Therapist Assistants and Aides,35,204940,61730,16.7,Administrative automation of health records management; AI-driven vital sign monitoring and alerting; Telehealth reducing in-person support staffing needs,23,Building rapport with patients and families; Adapting to individual patient emotional needs; Responding to unpredictable patient emergencies; Compassionate hands-on patient care and comfort; Physical repositioning and mobility assistance
Occupational Therapy Assistants,61,47910,68340,19.2,Large language model automation of analysis tasks; AI-generated written content replacing manual drafting; Administrative automation of health records management,30,Compassionate hands-on patient care and comfort; Responding to unpredictable patient emergencies; Adapting to individual patient emotional needs; Building rapport with patients and families
"Office and Administrative Support Workers, All Other",35,195890,46040,-7.8,Intelligent document processing and OCR automation; Robotic process automation of data entry workflows; AI scheduling and calendar management assistants; Smart form extraction replacing manual data processing,44,Handling confidential and politically sensitive information; Building trust-based relationships with executives; Coordinating complex multi-party events and logistics; Managing sensitive interpersonal workplace situations
"Office Clerks, General",84,2510550,43630,-6.7,Chatbot displacement of customer-facing interactions; AI-generated written content replacing manual drafting; Automated data interpretation and insight generation; AI-powered research and literature review tools; AI summarization replacing manual report compilation,79,Coordinating complex multi-party events and logistics; Building trust-based relationships with executives; Managing sensitive interpersonal workplace situations
"Office Machine Operators, Except Computer",53,24740,39020,-15.2,Smart form extraction replacing manual data processing; AI-powered email triage and response drafting; Automated invoice and expense processing; Robotic process automation of data entry workflows; AI scheduling and calendar management assistants,80,Exercising discretion in ambiguous administrative decisions; Coordinating complex multi-party events and logistics; Handling confidential and politically sensitive information
Operating Engineers and Other Construction Equipment Operators,38,469270,58710,3.6,Robotic bricklaying and prefabrication automation; Autonomous heavy equipment operation; BIM-integrated automated progress tracking; 3D printing of building components,61,Adapting to unique building configurations on-site; Client-facing consultation on custom project needs; Real-time safety judgment in hazardous conditions
Operations Research Analysts,87,107760,91290,21.5,AI pair-programming and code generation tools; Generative AI producing marketing and creative copy; Automated data interpretation and insight generation,35,Cross-functional collaboration on ambiguous problems; Architecting novel systems requiring creative problem-solving; Stakeholder negotiation and requirements elicitation; Crisis debugging of complex production incidents
Operations Specialties Managers,35,2669000,140330,10.1,Project management automation and resource allocation AI; AI-driven workforce planning and scheduling; Automated performance analytics and reporting,28,Conflict resolution and mediation across departments; Strategic vision-setting in uncertain markets; Inspiring and leading teams through organizational change; Building organizational culture and employee engagement; Navigating complex interpersonal and political dynamics
Ophthalmic Laboratory Technicians,10,18740,38420,2.3,Industrial robotics replacing manual assembly tasks; AI quality inspection via computer vision systems; Cobots handling repetitive material handling tasks; Automated CNC programming and machine operation,58,Handling non-standard materials and configurations; Setup and calibration of custom production runs; Coordinating workflow across diverse production teams; Troubleshooting complex equipment malfunctions
Ophthalmic Medical Technicians,46,76520,44080,19.8,Administrative automation of medical billing and coding; Telehealth platforms automating triage and intake; Automated patient monitoring and alert systems,36,Complex clinical judgment in ambiguous presentations; Empathetic patient communication and bedside manner; Interdisciplinary care coordination; Emergency triage requiring rapid human judgment
"Ophthalmologists, Except Pediatric",67,12110,239200,4.3,Administrative automation of medical billing and coding; Large language model automation of analysis tasks; AI-generated written content replacing manual drafting; Automated data interpretation and insight generation,50,Ethical decision-making in end-of-life situations; Empathetic patient communication and bedside manner; Emergency triage requiring rapid human judgment; Complex clinical judgment in ambiguous presentations
"Opticians, Dispensing",53,79690,46560,2.9,Natural language processing for clinical documentation; AI clinical decision-support tools guiding treatment; Telehealth platforms automating triage and intake; Administrative automation of medical billing and coding,58,Emergency triage requiring rapid human judgment; Hands-on physical examination and procedures; Complex clinical judgment in ambiguous presentations; Interdisciplinary care coordination
Optometrists,74,41890,134830,8,Natural language processing for clinical documentation; Administrative automation of medical billing and coding; Generative AI producing marketing and creative copy,30,Emergency triage requiring rapid human judgment; Empathetic patient communication and bedside manner; Complex clinical judgment in ambiguous presentations; Interdisciplinary care coordination
Oral and Maxillofacial Surgeons,53,5330,239200,4.1,AI-assisted diagnostic imaging reducing radiologist workload; Telehealth platforms automating triage and intake; AI clinical decision-support tools guiding treatment,36,Hands-on physical examination and procedures; Interdisciplinary care coordination; Complex clinical judgment in ambiguous presentations; Ethical decision-making in end-of-life situations
Order Clerks,95,83420,44660,-17.2,AI-powered research and literature review tools; Large language model automation of analysis tasks; AI coding assistants reducing developer demand; Smart form extraction replacing manual data processing; AI-powered email triage and response drafting,90,Building trust-based relationships with executives; Managing sensitive interpersonal workplace situations; Coordinating complex multi-party events and logistics
Orderlies,22,53020,37700,3.3,Robotic assistance in patient mobility and care; AI-driven vital sign monitoring and alerting; Automated patient scheduling and intake systems; Telehealth reducing in-person support staffing needs,43,Building rapport with patients and families; Physical repositioning and mobility assistance; Adapting to individual patient emotional needs; Compassionate hands-on patient care and comfort
Orthodontists,95,5150,239200,4.4,Large language model automation of analysis tasks; Generative AI producing marketing and creative copy; Administrative automation of medical billing and coding,40,Emergency triage requiring rapid human judgment; Ethical decision-making in end-of-life situations; Empathetic patient communication and bedside manner; Interdisciplinary care coordination
"Orthopedic Surgeons, Except Pediatric",59,14160,239200,4.1,Telehealth platforms automating triage and intake; AI-assisted diagnostic imaging reducing radiologist workload; AI clinical decision-support tools guiding treatment; Automated patient monitoring and alert systems,49,Interdisciplinary care coordination; Complex clinical judgment in ambiguous presentations; Ethical decision-making in end-of-life situations; Hands-on physical examination and procedures
Orthotists and Prosthetists,44,9930,78310,13.3,Natural language processing for clinical documentation; Automated patient monitoring and alert systems; AI clinical decision-support tools guiding treatment,28,Interdisciplinary care coordination; Emergency triage requiring rapid human judgment; Hands-on physical examination and procedures; Complex clinical judgment in ambiguous presentations; Ethical decision-making in end-of-life situations
Other Construction and Related Workers,35,464570,56520,2.1,Robotic bricklaying and prefabrication automation; BIM-integrated automated progress tracking; Autonomous heavy equipment operation,35,Client-facing consultation on custom project needs; Real-time safety judgment in hazardous conditions; Adapting to unique building configurations on-site; Fine motor craftsmanship in custom installations
Other Educational Instruction and Library Occupations,35,1866060,36690,-0.5,AI-generated curriculum and lesson plan content; Virtual classroom platforms reducing instructor demand; Automated grading and assessment tools,37,Managing classroom dynamics and student behavior; Adapting instruction to individual learning needs in real-time; Inspiring and motivating students through personal connection; Mentoring students through personal and academic challenges
Other Food Preparation and Serving Related Workers,35,1510410,32680,2.2,Robotic food delivery within establishments; AI inventory management and waste reduction; Self-ordering kiosks and mobile app displacement,37,Creative menu development and flavor innovation; Managing chaotic high-volume service environments; Hospitality and personalized guest experiences; Adapting to real-time dietary and allergy requests
Other Healthcare Practitioners and Technical Occupations,35,129910,62820,8.9,Telehealth platforms automating triage and intake; AI-assisted diagnostic imaging reducing radiologist workload; Automated patient monitoring and alert systems,35,Empathetic patient communication and bedside manner; Complex clinical judgment in ambiguous presentations; Ethical decision-making in end-of-life situations; Hands-on physical examination and procedures
Other Healthcare Support Occupations,35,1778580,45000,9.5,Telehealth reducing in-person support staffing needs; Automated patient scheduling and intake systems; AI-driven vital sign monitoring and alerting,36,Physical repositioning and mobility assistance; Adapting to individual patient emotional needs; Responding to unpredictable patient emergencies; Compassionate hands-on patient care and comfort
"Other Installation, Maintenance, and Repair Occupations",35,3231930,54790,5.7,AI parts inventory and supply chain optimization; Predictive maintenance AI reducing reactive repair needs; Augmented reality-guided remote diagnostics,35,"Diagnosing novel equipment failures through physical inspection; Working in confined, elevated, or hazardous spaces; Adapting repairs to non-standard or legacy equipment; Customer communication about technical issues"
Other Management Occupations,35,3352280,104030,5.6,Project management automation and resource allocation AI; Chatbot-based employee self-service reducing HR management; AI-driven workforce planning and scheduling,31,Inspiring and leading teams through organizational change; Navigating complex interpersonal and political dynamics; Conflict resolution and mediation across departments; Building organizational culture and employee engagement
Other Office and Administrative Support Workers,35,3209350,44030,-7.7,Intelligent document processing and OCR automation; AI-powered email triage and response drafting; Smart form extraction replacing manual data processing; Automated invoice and expense processing,44,Handling confidential and politically sensitive information; Coordinating complex multi-party events and logistics; Building trust-based relationships with executives; Managing sensitive interpersonal workplace situations
Other Personal Care and Service Workers,35,1278640,35550,2,AI-powered skincare and beauty recommendation apps; Virtual try-on technology reducing in-person consultations; Automated booking and client management platforms,37,Emotional support and active listening during sessions; Personalized hands-on service requiring tactile skill; Building trust and rapport with repeat clients; Creative aesthetic judgment for individual clients
Other Production Occupations,35,2562640,45970,-0.8,AI quality inspection via computer vision systems; Predictive maintenance reducing manual inspection roles; Automated CNC programming and machine operation,37,Quality judgment requiring tactile and visual inspection; Coordinating workflow across diverse production teams; Setup and calibration of custom production runs; Handling non-standard materials and configurations
Other Protective Service Workers,35,1737600,38230,1,Automated access control and identity verification; AI-powered surveillance and threat detection systems; Autonomous patrol and security robots,37,Navigating legally and ethically complex enforcement scenarios; Split-second judgment in life-threatening situations; De-escalation of volatile interpersonal confrontations; Community relationship-building and trust development
Other Sales and Related Workers,35,537090,49720,0.7,Chatbot and virtual assistant sales displacement; Automated CRM lead scoring and outreach; Dynamic pricing algorithms replacing pricing roles,36,Reading customer emotional cues and adapting approach; In-person product demonstrations and hands-on experience; Consultative selling for complex or high-value products; Building long-term client relationships and trust
Other Teachers and Instructors,35,1125750,44220,1.4,Virtual classroom platforms reducing instructor demand; Automated grading and assessment tools; AI tutoring systems providing personalized instruction,36,Mentoring students through personal and academic challenges; Adapting instruction to individual learning needs in real-time; Inspiring and motivating students through personal connection; Developing creative and engaging hands-on lessons
Other Transportation Workers,35,330140,36060,2,Automated warehouse sorting and loading systems; Drone delivery displacing last-mile logistics workers; AI traffic management and fleet coordination,37,Navigating unpredictable road and weather conditions; Customer interaction and conflict resolution during delivery; Manual loading of irregular and fragile cargo; Emergency situation response and quick decision-making
Outdoor Power Equipment and Other Small Engine Mechanics,44,34240,46560,2.5,Automated fault detection via IoT sensor networks; Augmented reality-guided remote diagnostics; AI parts inventory and supply chain optimization; Robotic inspection of hard-to-reach equipment,63,"Diagnosing novel equipment failures through physical inspection; Working in confined, elevated, or hazardous spaces; Customer communication about technical issues"
Packaging and Filling Machine Operators and Tenders,38,383860,40900,4.5,Predictive maintenance reducing manual inspection roles; Automated CNC programming and machine operation; Cobots handling repetitive material handling tasks; AI quality inspection via computer vision systems,64,Troubleshooting complex equipment malfunctions; Quality judgment requiring tactile and visual inspection; Handling non-standard materials and configurations
"Packers and Packagers, Hand",38,601440,35580,-5.4,AI route optimization reducing dispatcher roles; Autonomous vehicle and self-driving truck technology; Predictive maintenance reducing manual inspection needs; Drone delivery displacing last-mile logistics workers,51,Navigating unpredictable road and weather conditions; Customer interaction and conflict resolution during delivery; Manual loading of irregular and fragile cargo; Navigating complex urban environments with obstacles
"Painters, Construction and Maintenance",10,224180,48660,3.8,Drone-based site surveying and inspection; Autonomous heavy equipment operation; Robotic bricklaying and prefabrication automation; 3D printing of building components,50,Navigating unpredictable and unstructured job sites; Fine motor craftsmanship in custom installations; Real-time safety judgment in hazardous conditions; Adapting to unique building configurations on-site
"Painting, Coating, and Decorating Workers",10,8470,40860,1.4,Predictive maintenance reducing manual inspection roles; AI quality inspection via computer vision systems; Automated CNC programming and machine operation; Cobots handling repetitive material handling tasks,56,Troubleshooting complex equipment malfunctions; Quality judgment requiring tactile and visual inspection; Coordinating workflow across diverse production teams; Setup and calibration of custom production runs
"Paper Goods Machine Setters, Operators, and Tenders",10,96950,49390,-6.3,Industrial robotics replacing manual assembly tasks; Cobots handling repetitive material handling tasks; AI quality inspection via computer vision systems; Predictive maintenance reducing manual inspection roles,54,Coordinating workflow across diverse production teams; Quality judgment requiring tactile and visual inspection; Setup and calibration of custom production runs; Handling non-standard materials and configurations
Paperhangers,53,1520,48260,5.3,BIM-integrated automated progress tracking; Autonomous heavy equipment operation; Robotic bricklaying and prefabrication automation; 3D printing of building components,63,Fine motor craftsmanship in custom installations; Real-time safety judgment in hazardous conditions; Navigating unpredictable and unstructured job sites
Paralegals and Legal Assistants,95,367220,61010,0.2,Large language model automation of analysis tasks; E-discovery AI reducing paralegal review needs; Generative AI producing marketing and creative copy; AI summarization replacing manual report compilation,69,Client counseling on sensitive and complex matters; Ethical judgment in adversarial situations; Nuanced legal strategy in novel or precedent-setting cases
Paramedics,53,99530,58410,5,Administrative automation of medical billing and coding; Telehealth platforms automating triage and intake; Automated patient monitoring and alert systems,37,Hands-on physical examination and procedures; Complex clinical judgment in ambiguous presentations; Empathetic patient communication and bedside manner; Emergency triage requiring rapid human judgment
Parking Attendants,31,134650,34600,3,Autonomous vehicle and self-driving truck technology; AI route optimization reducing dispatcher roles; AI traffic management and fleet coordination; Predictive maintenance reducing manual inspection needs,59,Manual loading of irregular and fragile cargo; Emergency situation response and quick decision-making; Customer interaction and conflict resolution during delivery; Navigating unpredictable road and weather conditions
Parking Enforcement Workers,76,7770,47150,-1.5,Generative AI producing marketing and creative copy; Autonomous patrol and security robots; AI-powered research and literature review tools; AI summarization replacing manual report compilation,68,Physical apprehension and emergency response; De-escalation of volatile interpersonal confrontations; Split-second judgment in life-threatening situations
Parts Salespersons,61,265060,37440,3.1,Automated data interpretation and insight generation; Chatbot and virtual assistant sales displacement; AI coding assistants reducing developer demand; Self-checkout and cashierless store technology,68,Resolving novel customer complaints with empathy; Building long-term client relationships and trust; Negotiating bespoke deals with multiple stakeholders
Passenger Attendants,53,25340,37560,4.7,Drone delivery displacing last-mile logistics workers; Automated warehouse sorting and loading systems; Autonomous vehicle and self-driving truck technology; AI route optimization reducing dispatcher roles,60,Emergency situation response and quick decision-making; Manual loading of irregular and fragile cargo; Customer interaction and conflict resolution during delivery
"Patternmakers, Metal and Plastic",44,1570,54540,-24.4,Cobots handling repetitive material handling tasks; AI quality inspection via computer vision systems; Predictive maintenance reducing manual inspection roles; Automated CNC programming and machine operation; Industrial robotics replacing manual assembly tasks,76,Coordinating workflow across diverse production teams; Setup and calibration of custom production runs; Quality judgment requiring tactile and visual inspection
"Patternmakers, Wood",57,180,52520,-5,Smart factory scheduling and production optimization; Industrial robotics replacing manual assembly tasks; AI quality inspection via computer vision systems; Automated CNC programming and machine operation,67,Coordinating workflow across diverse production teams; Setup and calibration of custom production runs; Troubleshooting complex equipment malfunctions
"Paving, Surfacing, and Tamping Equipment Operators",29,45680,51650,3.2,Autonomous heavy equipment operation; BIM-integrated automated progress tracking; Robotic bricklaying and prefabrication automation; 3D printing of building components,56,Real-time safety judgment in hazardous conditions; Adapting to unique building configurations on-site; Physical work in confined or elevated spaces; Client-facing consultation on custom project needs
Payroll and Timekeeping Clerks,95,156950,55290,-16.7,AI-generated written content replacing manual drafting; Large language model automation of analysis tasks; Automated data interpretation and insight generation; Automated invoice and expense processing; AI summarization replacing manual report compilation,88,Managing sensitive interpersonal workplace situations; Building trust-based relationships with executives; Handling confidential and politically sensitive information
Pediatric Surgeons,53,1050,239200,1.5,Automated patient monitoring and alert systems; AI-assisted diagnostic imaging reducing radiologist workload; AI clinical decision-support tools guiding treatment; Administrative automation of medical billing and coding,48,Interdisciplinary care coordination; Empathetic patient communication and bedside manner; Complex clinical judgment in ambiguous presentations; Ethical decision-making in end-of-life situations
"Pediatricians, General",64,42960,210130,0.8,Natural language processing for clinical documentation; AI-assisted diagnostic imaging reducing radiologist workload; AI-powered research and literature review tools,40,Empathetic patient communication and bedside manner; Ethical decision-making in end-of-life situations; Complex clinical judgment in ambiguous presentations; Hands-on physical examination and procedures
Personal Appearance Workers,35,543830,35310,5.9,Virtual try-on technology reducing in-person consultations; AI fitness coaching apps displacing personal trainers; Robotic massage and physical therapy devices,37,Personalized hands-on service requiring tactile skill; Emotional support and active listening during sessions; Creative aesthetic judgment for individual clients; Building trust and rapport with repeat clients
"Personal Care and Service Workers, All Other",35,62390,37900,6.4,AI fitness coaching apps displacing personal trainers; Robotic massage and physical therapy devices; Automated booking and client management platforms,37,Adapting techniques to individual body types and preferences; Creative aesthetic judgment for individual clients; Emotional support and active listening during sessions; Building trust and rapport with repeat clients
Personal Financial Advisors,81,270480,102140,9.6,Algorithmic trading and AI portfolio management; AI-powered research and literature review tools; Robotic process automation for accounting workflows; Generative AI producing marketing and creative copy,52,Crisis financial decision-making under uncertainty; Stakeholder management in complex organizational settings; Ethical judgment in fiduciary and advisory roles; Strategic advisory requiring deep client relationship knowledge
"Personal Service Managers, All Other",75,10490,61340,6.5,Chatbot-based employee self-service reducing HR management; Generative AI producing marketing and creative copy; AI-driven workforce planning and scheduling; Chatbot displacement of customer-facing interactions,44,Building organizational culture and employee engagement; Navigating complex interpersonal and political dynamics; Strategic vision-setting in uncertain markets; Inspiring and leading teams through organizational change
Pest Control Workers,53,96110,44730,4.9,IoT-based predictive maintenance scheduling; Remote monitoring reducing on-site maintenance staff; Automated grounds-keeping and landscaping equipment; Robotic cleaning and facility maintenance systems,57,Responding to unpredictable facility emergencies; Physical work in diverse and unstructured environments; Judgment calls on repair vs. replacement decisions; Hands-on troubleshooting of building systems
"Pesticide Handlers, Sprayers, and Applicators, Vegetation",27,25200,45200,3.8,Remote monitoring reducing on-site maintenance staff; Robotic cleaning and facility maintenance systems; IoT-based predictive maintenance scheduling; AI-driven building management and energy optimization,46,Hands-on troubleshooting of building systems; Judgment calls on repair vs. replacement decisions; Physical work in diverse and unstructured environments; Tenant and occupant relationship management
Petroleum Engineers,80,18970,141280,1.3,AI coding assistants reducing developer demand; Robotic inspection and testing automation; AI-powered research and literature review tools,36,Client communication and technical consultation; Cross-disciplinary collaboration on complex projects; Safety-critical judgment in design review; On-site problem-solving in variable physical conditions
"Petroleum Pump System Operators, Refinery Operators, and Gaugers",67,34860,97540,-2.8,Industrial robotics replacing manual assembly tasks; AI summarization replacing manual report compilation; Generative AI producing marketing and creative copy; AI-generated written content replacing manual drafting,59,Quality judgment requiring tactile and visual inspection; Troubleshooting complex equipment malfunctions; Handling non-standard materials and configurations; Setup and calibration of custom production runs
Pharmacists,86,328870,137480,4.6,Telehealth platforms automating triage and intake; Natural language processing for clinical documentation; AI coding assistants reducing developer demand,36,Empathetic patient communication and bedside manner; Complex clinical judgment in ambiguous presentations; Hands-on physical examination and procedures; Interdisciplinary care coordination
Pharmacy Aides,53,41100,37000,-0.1,Robotic assistance in patient mobility and care; Administrative automation of health records management; AI-driven vital sign monitoring and alerting; Telehealth reducing in-person support staffing needs,59,Compassionate hands-on patient care and comfort; Adapting to individual patient emotional needs; Physical repositioning and mobility assistance; Responding to unpredictable patient emergencies
Pharmacy Technicians,71,487920,43460,6.4,AI-assisted diagnostic imaging reducing radiologist workload; Large language model automation of analysis tasks; Administrative automation of medical billing and coding; Natural language processing for clinical documentation,68,Interdisciplinary care coordination; Hands-on physical examination and procedures; Empathetic patient communication and bedside manner
"Philosophy and Religion Teachers, Postsecondary",95,20840,78050,0.7,Automated data interpretation and insight generation; AI-generated written content replacing manual drafting; Generative AI producing marketing and creative copy; Large language model automation of analysis tasks,54,Inspiring and motivating students through personal connection; Mentoring students through personal and academic challenges; Adapting instruction to individual learning needs in real-time; Managing classroom dynamics and student behavior
Phlebotomists,61,138880,43660,5.6,Robotic assistance in patient mobility and care; Automated data interpretation and insight generation; AI coding assistants reducing developer demand; AI summarization replacing manual report compilation,64,Compassionate hands-on patient care and comfort; Adapting to individual patient emotional needs; Physical repositioning and mobility assistance
Photographers,71,51230,42520,1.8,Large language model automation of analysis tasks; AI-generated written content replacing manual drafting; Text-to-image tools displacing graphic design work; Chatbot displacement of customer-facing interactions,41,Cultural interpretation and contextual sensitivity; Collaborative creative ideation and brainstorming; Physical artistry and hands-on creative execution; Emotionally resonant storytelling and narrative craft
Photographic Process Workers and Processing Machine Operators,67,5550,40100,-2.6,AI quality inspection via computer vision systems; AI-generated written content replacing manual drafting; Predictive maintenance reducing manual inspection roles; Generative AI producing marketing and creative copy; Smart factory scheduling and production optimization,72,Troubleshooting complex equipment malfunctions; Quality judgment requiring tactile and visual inspection; Setup and calibration of custom production runs
Physical Scientists,35,259000,92750,3.8,AI-accelerated data analysis and pattern recognition; Automated laboratory instrumentation and workflows; AI literature review and meta-analysis automation,33,Collaborative scientific discourse and peer review; Designing novel experiments and research methodologies; Interpreting ambiguous results with domain expertise; Fieldwork in unstructured natural environments
"Physical Scientists, All Other",80,22580,117960,0.6,Automated laboratory instrumentation and workflows; Automated data interpretation and insight generation; Large language model automation of analysis tasks; AI literature review and meta-analysis automation,44,Fieldwork in unstructured natural environments; Collaborative scientific discourse and peer review; Ethical oversight of research involving human subjects; Interpreting ambiguous results with domain expertise
Physical Therapist Aides,45,44010,34520,2.8,Telehealth reducing in-person support staffing needs; Administrative automation of health records management; Robotic assistance in patient mobility and care; AI-driven vital sign monitoring and alerting,54,Adapting to individual patient emotional needs; Compassionate hands-on patient care and comfort; Building rapport with patients and families; Physical repositioning and mobility assistance
Physical Therapist Assistants,41,108010,65510,22,Automated patient scheduling and intake systems; AI-driven vital sign monitoring and alerting; Robotic assistance in patient mobility and care,33,Compassionate hands-on patient care and comfort; Adapting to individual patient emotional needs; Physical repositioning and mobility assistance; Building rapport with patients and families
Physical Therapists,62,248630,101020,10.9,AI clinical decision-support tools guiding treatment; AI summarization replacing manual report compilation; Administrative automation of medical billing and coding,31,Interdisciplinary care coordination; Complex clinical judgment in ambiguous presentations; Empathetic patient communication and bedside manner; Ethical decision-making in end-of-life situations
Physician Assistants,76,155540,133260,20.4,AI clinical decision-support tools guiding treatment; Administrative automation of medical billing and coding; Generative AI producing marketing and creative copy,36,Empathetic patient communication and bedside manner; Hands-on physical examination and procedures; Emergency triage requiring rapid human judgment; Ethical decision-making in end-of-life situations
"Physicians, All Other",79,315360,239200,2.5,AI summarization replacing manual report compilation; Administrative automation of medical billing and coding; Automated patient monitoring and alert systems; AI-assisted diagnostic imaging reducing radiologist workload,47,Complex clinical judgment in ambiguous presentations; Emergency triage requiring rapid human judgment; Empathetic patient communication and bedside manner; Hands-on physical examination and procedures
"Physicians, Pathologists",86,11800,239200,4.2,AI-generated written content replacing manual drafting; Generative AI producing marketing and creative copy; Natural language processing for clinical documentation; Administrative automation of medical billing and coding,54,Ethical decision-making in end-of-life situations; Hands-on physical examination and procedures; Complex clinical judgment in ambiguous presentations; Emergency triage requiring rapid human judgment
Physicists,83,21340,166290,4,Robotic sample preparation and experimentation; AI-accelerated data analysis and pattern recognition; AI-powered research and literature review tools,28,Designing novel experiments and research methodologies; Collaborative scientific discourse and peer review; Interpreting ambiguous results with domain expertise; Ethical oversight of research involving human subjects; Fieldwork in unstructured natural environments
"Physics Teachers, Postsecondary",71,13590,97360,2.5,AI tutoring systems providing personalized instruction; Adaptive learning technology replacing remedial roles; Large language model automation of analysis tasks; AI-powered research and literature review tools,48,Inspiring and motivating students through personal connection; Adapting instruction to individual learning needs in real-time; Developing creative and engaging hands-on lessons; Managing classroom dynamics and student behavior
Pile Driver Operators,10,3040,70510,4.3,AI project scheduling and resource optimization; Drone-based site surveying and inspection; Robotic bricklaying and prefabrication automation; Autonomous heavy equipment operation,43,Navigating unpredictable and unstructured job sites; Real-time safety judgment in hazardous conditions; Client-facing consultation on custom project needs; Fine motor craftsmanship in custom installations
Pipelayers,27,33580,48710,-4.1,AI project scheduling and resource optimization; Autonomous heavy equipment operation; Drone-based site surveying and inspection; Robotic bricklaying and prefabrication automation,54,Navigating unpredictable and unstructured job sites; Adapting to unique building configurations on-site; Client-facing consultation on custom project needs; Physical work in confined or elevated spaces
Plant and System Operators,35,287720,70740,-5.3,Cobots handling repetitive material handling tasks; Smart factory scheduling and production optimization; Predictive maintenance reducing manual inspection roles; Automated CNC programming and machine operation,46,Troubleshooting complex equipment malfunctions; Quality judgment requiring tactile and visual inspection; Coordinating workflow across diverse production teams; Handling non-standard materials and configurations
"Plant and System Operators, All Other",56,15950,61710,1.6,Industrial robotics replacing manual assembly tasks; AI quality inspection via computer vision systems; Smart factory scheduling and production optimization; Cobots handling repetitive material handling tasks,62,Coordinating workflow across diverse production teams; Setup and calibration of custom production runs; Quality judgment requiring tactile and visual inspection
Plasterers and Stucco Masons,10,20880,56020,4.1,3D printing of building components; Autonomous heavy equipment operation; BIM-integrated automated progress tracking,37,Navigating unpredictable and unstructured job sites; Real-time safety judgment in hazardous conditions; Physical work in confined or elevated spaces; Fine motor craftsmanship in custom installations
"Plating Machine Setters, Operators, and Tenders, Metal and Plastic",44,31510,41600,-13.6,Smart factory scheduling and production optimization; AI quality inspection via computer vision systems; Automated CNC programming and machine operation; Industrial robotics replacing manual assembly tasks; Cobots handling repetitive material handling tasks,76,Troubleshooting complex equipment malfunctions; Setup and calibration of custom production runs; Quality judgment requiring tactile and visual inspection
"Plumbers, Pipefitters, and Steamfitters",40,455940,62970,4.5,Robotic bricklaying and prefabrication automation; Autonomous heavy equipment operation; Drone-based site surveying and inspection; AI project scheduling and resource optimization,41,Fine motor craftsmanship in custom installations; Adapting to unique building configurations on-site; Physical work in confined or elevated spaces; Navigating unpredictable and unstructured job sites
Podiatrists,53,9520,152800,1.8,Administrative automation of medical billing and coding; AI clinical decision-support tools guiding treatment; Automated patient monitoring and alert systems,28,Interdisciplinary care coordination; Empathetic patient communication and bedside manner; Ethical decision-making in end-of-life situations; Complex clinical judgment in ambiguous presentations; Hands-on physical examination and procedures
Police and Sheriff's Patrol Officers,60,666990,76290,3.1,Drone-based perimeter monitoring and response; Automated access control and identity verification; Predictive policing and crime analytics,38,Community relationship-building and trust development; Physical apprehension and emergency response; De-escalation of volatile interpersonal confrontations; Split-second judgment in life-threatening situations
"Political Science Teachers, Postsecondary",95,17170,94680,2,AI-powered research and literature review tools; AI-generated written content replacing manual drafting; AI-generated curriculum and lesson plan content; AI coding assistants reducing developer demand,53,Adapting instruction to individual learning needs in real-time; Developing creative and engaging hands-on lessons; Mentoring students through personal and academic challenges; Inspiring and motivating students through personal connection
Political Scientists,87,5950,139380,-3.1,Machine learning models replacing manual hypothesis testing; Automated data interpretation and insight generation; AI summarization replacing manual report compilation,25,Collaborative scientific discourse and peer review; Designing novel experiments and research methodologies; Interpreting ambiguous results with domain expertise; Fieldwork in unstructured natural environments; Ethical oversight of research involving human subjects
Postal Service Clerks,67,78060,61630,-3.5,Intelligent document processing and OCR automation; AI scheduling and calendar management assistants; AI summarization replacing manual report compilation; Generative AI producing marketing and creative copy,70,Building trust-based relationships with executives; Managing sensitive interpersonal workplace situations; Handling confidential and politically sensitive information
Postal Service Mail Carriers,95,336040,57490,-3.5,Automated invoice and expense processing; AI-powered research and literature review tools; Automated data interpretation and insight generation; Large language model automation of analysis tasks,68,Managing sensitive interpersonal workplace situations; Building trust-based relationships with executives; Coordinating complex multi-party events and logistics
"Postal Service Mail Sorters, Processors, and Processing Machine Operators",53,111930,56530,-8.4,AI-powered email triage and response drafting; Automated invoice and expense processing; Intelligent document processing and OCR automation; Robotic process automation of data entry workflows,65,Handling confidential and politically sensitive information; Building trust-based relationships with executives; Coordinating complex multi-party events and logistics
Postmasters and Mail Superintendents,74,13810,92730,-3.5,AI-powered research and literature review tools; Project management automation and resource allocation AI; AI coding assistants reducing developer demand; Chatbot-based employee self-service reducing HR management,55,Strategic vision-setting in uncertain markets; Navigating complex interpersonal and political dynamics; Conflict resolution and mediation across departments; Inspiring and leading teams through organizational change
Postsecondary Teachers,35,1396300,81600,5.9,Adaptive learning technology replacing remedial roles; AI tutoring systems providing personalized instruction; Automated grading and assessment tools,22,Inspiring and motivating students through personal connection; Developing creative and engaging hands-on lessons; Mentoring students through personal and academic challenges; Adapting instruction to individual learning needs in real-time; Managing classroom dynamics and student behavior
"Postsecondary Teachers, All Other",35,151530,78490,1.8,AI tutoring systems providing personalized instruction; Automated grading and assessment tools; AI-generated curriculum and lesson plan content,22,Adapting instruction to individual learning needs in real-time; Managing classroom dynamics and student behavior; Inspiring and motivating students through personal connection; Developing creative and engaging hands-on lessons; Mentoring students through personal and academic challenges
"Pourers and Casters, Metal",24,5830,48940,-4.7,Automated CNC programming and machine operation; Smart factory scheduling and production optimization; Cobots handling repetitive material handling tasks; AI quality inspection via computer vision systems,46,Handling non-standard materials and configurations; Coordinating workflow across diverse production teams; Setup and calibration of custom production runs; Quality judgment requiring tactile and visual inspection
Power Distributors and Dispatchers,67,9180,107240,-3.2,AI coding assistants reducing developer demand; AI-generated written content replacing manual drafting; Generative AI producing marketing and creative copy; AI-powered research and literature review tools,57,Troubleshooting complex equipment malfunctions; Quality judgment requiring tactile and visual inspection; Handling non-standard materials and configurations; Coordinating workflow across diverse production teams
Power Plant Operators,53,30720,99670,-11.2,Industrial robotics replacing manual assembly tasks; Cobots handling repetitive material handling tasks; AI quality inspection via computer vision systems; Predictive maintenance reducing manual inspection roles,69,Quality judgment requiring tactile and visual inspection; Coordinating workflow across diverse production teams; Troubleshooting complex equipment malfunctions
"Precision Instrument and Equipment Repairers, All Other",35,9680,67080,2,Automated fault detection via IoT sensor networks; Augmented reality-guided remote diagnostics; Robotic inspection of hard-to-reach equipment; AI parts inventory and supply chain optimization,51,"Diagnosing novel equipment failures through physical inspection; Working in confined, elevated, or hazardous spaces; Customer communication about technical issues; Adapting repairs to non-standard or legacy equipment"
Prepress Technicians and Workers,44,23070,47300,-14.6,AI quality inspection via computer vision systems; Smart factory scheduling and production optimization; Cobots handling repetitive material handling tasks; Predictive maintenance reducing manual inspection roles; Industrial robotics replacing manual assembly tasks,78,Quality judgment requiring tactile and visual inspection; Coordinating workflow across diverse production teams; Handling non-standard materials and configurations
"Preschool Teachers, Except Special Education",63,445080,37120,4.1,AI-powered research and literature review tools; AI-generated curriculum and lesson plan content; Virtual classroom platforms reducing instructor demand,32,Mentoring students through personal and academic challenges; Adapting instruction to individual learning needs in real-time; Developing creative and engaging hands-on lessons; Inspiring and motivating students through personal connection
"Preschool, Elementary, Middle, Secondary, and Special Education Teachers",35,4321590,61960,-1,AI-generated curriculum and lesson plan content; Virtual classroom platforms reducing instructor demand; Automated grading and assessment tools,36,Inspiring and motivating students through personal connection; Adapting instruction to individual learning needs in real-time; Managing classroom dynamics and student behavior; Mentoring students through personal and academic challenges
"Pressers, Textile, Garment, and Related Materials",10,26830,33880,-13.5,Predictive maintenance reducing manual inspection roles; AI quality inspection via computer vision systems; Automated CNC programming and machine operation; Cobots handling repetitive material handling tasks,64,Troubleshooting complex equipment malfunctions; Quality judgment requiring tactile and visual inspection; Coordinating workflow across diverse production teams
Print Binding and Finishing Workers,42,36470,39820,-16.1,AI quality inspection via computer vision systems; Predictive maintenance reducing manual inspection roles; Automated CNC programming and machine operation; Smart factory scheduling and production optimization; Industrial robotics replacing manual assembly tasks,75,Quality judgment requiring tactile and visual inspection; Troubleshooting complex equipment malfunctions; Setup and calibration of custom production runs
Printing Press Operators,59,145110,45160,-8.1,Predictive maintenance reducing manual inspection roles; Cobots handling repetitive material handling tasks; Industrial robotics replacing manual assembly tasks; AI quality inspection via computer vision systems; Automated CNC programming and machine operation,71,Troubleshooting complex equipment malfunctions; Quality judgment requiring tactile and visual inspection; Setup and calibration of custom production runs
Printing Workers,35,204640,44830,-10.3,Predictive maintenance reducing manual inspection roles; Automated CNC programming and machine operation; Industrial robotics replacing manual assembly tasks; Smart factory scheduling and production optimization,46,Troubleshooting complex equipment malfunctions; Quality judgment requiring tactile and visual inspection; Setup and calibration of custom production runs; Coordinating workflow across diverse production teams
Private Detectives and Investigators,89,38700,52370,6,AI coding assistants reducing developer demand; AI summarization replacing manual report compilation; Autonomous patrol and security robots; Generative AI producing marketing and creative copy,53,Physical apprehension and emergency response; De-escalation of volatile interpersonal confrontations; Split-second judgment in life-threatening situations; Navigating legally and ethically complex enforcement scenarios
Probation Officers and Correctional Treatment Specialists,95,86820,64520,2.6,AI-powered research and literature review tools; Chatbot displacement of customer-facing interactions; AI summarization replacing manual report compilation; Large language model automation of analysis tasks,48,Cultural sensitivity in diverse community contexts; Navigating complex family and community dynamics; Deep empathetic engagement with vulnerable populations; Advocacy and relationship-building with institutions
Procurement Clerks,95,59900,48510,-8.7,AI-powered email triage and response drafting; Robotic process automation of data entry workflows; AI-powered research and literature review tools; AI scheduling and calendar management assistants; AI-generated written content replacing manual drafting,83,Handling confidential and politically sensitive information; Exercising discretion in ambiguous administrative decisions; Coordinating complex multi-party events and logistics
Producers and Directors,85,145270,83480,4.9,Text-to-image tools displacing graphic design work; AI-generated written content replacing manual drafting; AI-powered research and literature review tools,37,Live performance and audience engagement; Cultural interpretation and contextual sensitivity; Physical artistry and hands-on creative execution; Original creative vision and artistic direction
"Production Workers, All Other",35,277060,38820,0.5,Automated CNC programming and machine operation; AI quality inspection via computer vision systems; Industrial robotics replacing manual assembly tasks; Predictive maintenance reducing manual inspection roles,49,Coordinating workflow across diverse production teams; Troubleshooting complex equipment malfunctions; Handling non-standard materials and configurations; Quality judgment requiring tactile and visual inspection
"Production, Planning, and Expediting Clerks",75,385000,57770,-1.8,Intelligent document processing and OCR automation; AI summarization replacing manual report compilation; Generative AI producing marketing and creative copy; AI scheduling and calendar management assistants,67,Building trust-based relationships with executives; Coordinating complex multi-party events and logistics; Exercising discretion in ambiguous administrative decisions
Project Management Specialists,95,1006160,100750,5.6,Algorithmic trading and AI portfolio management; Automated financial reporting and reconciliation; AI-driven fraud detection replacing manual review,36,Strategic advisory requiring deep client relationship knowledge; Navigating regulatory ambiguity and compliance judgment; Stakeholder management in complex organizational settings; Crisis financial decision-making under uncertainty
Proofreaders and Copy Markers,95,5160,49210,-0.6,Smart form extraction replacing manual data processing; AI-powered email triage and response drafting; AI-generated written content replacing manual drafting; AI-powered research and literature review tools; Automated invoice and expense processing,71,Building trust-based relationships with executives; Coordinating complex multi-party events and logistics; Exercising discretion in ambiguous administrative decisions
Property Appraisers and Assessors,35,59070,65420,3.8,Algorithmic trading and AI portfolio management; Automated financial reporting and reconciliation; AI-driven fraud detection replacing manual review; Automated tax preparation and compliance tools,49,Strategic advisory requiring deep client relationship knowledge; Navigating regulatory ambiguity and compliance judgment; Stakeholder management in complex organizational settings; Crisis financial decision-making under uncertainty
"Property, Real Estate, and Community Association Managers",76,296640,66700,3.6,Chatbot-based employee self-service reducing HR management; AI-generated written content replacing manual drafting; AI-driven workforce planning and scheduling; AI-powered research and literature review tools,59,Strategic vision-setting in uncertain markets; Navigating complex interpersonal and political dynamics; Conflict resolution and mediation across departments; Building organizational culture and employee engagement
Prosthodontists,61,760,239200,4.5,Automated data interpretation and insight generation; AI-assisted diagnostic imaging reducing radiologist workload; AI summarization replacing manual report compilation,34,Emergency triage requiring rapid human judgment; Ethical decision-making in end-of-life situations; Hands-on physical examination and procedures; Complex clinical judgment in ambiguous presentations
"Protective Service Workers, All Other",74,83110,41600,2.5,Automated access control and identity verification; Chatbot displacement of customer-facing interactions; Large language model automation of analysis tasks; AI summarization replacing manual report compilation,61,Physical apprehension and emergency response; Community relationship-building and trust development; De-escalation of volatile interpersonal confrontations
Psychiatric Aides,61,34900,41590,-0.4,AI-generated written content replacing manual drafting; Automated patient scheduling and intake systems; AI summarization replacing manual report compilation; AI-powered research and literature review tools,53,Building rapport with patients and families; Compassionate hands-on patient care and comfort; Physical repositioning and mobility assistance; Adapting to individual patient emotional needs
Psychiatric Technicians,53,136300,42590,20,Natural language processing for clinical documentation; AI clinical decision-support tools guiding treatment; Administrative automation of medical billing and coding,32,Ethical decision-making in end-of-life situations; Interdisciplinary care coordination; Hands-on physical examination and procedures; Emergency triage requiring rapid human judgment
Psychiatrists,80,24800,239200,6.1,AI-assisted diagnostic imaging reducing radiologist workload; Telehealth platforms automating triage and intake; AI coding assistants reducing developer demand; AI summarization replacing manual report compilation,46,Hands-on physical examination and procedures; Empathetic patient communication and bedside manner; Emergency triage requiring rapid human judgment; Interdisciplinary care coordination
"Psychologists, All Other",95,17790,117580,4.3,AI-accelerated data analysis and pattern recognition; AI-powered research and literature review tools; Large language model automation of analysis tasks,32,Fieldwork in unstructured natural environments; Interpreting ambiguous results with domain expertise; Designing novel experiments and research methodologies; Collaborative scientific discourse and peer review
"Psychology Teachers, Postsecondary",95,41610,80330,3.6,AI tutoring systems providing personalized instruction; AI-generated written content replacing manual drafting; AI summarization replacing manual report compilation; Adaptive learning technology replacing remedial roles,54,Mentoring students through personal and academic challenges; Inspiring and motivating students through personal connection; Adapting instruction to individual learning needs in real-time; Managing classroom dynamics and student behavior
Public Relations Managers,86,76060,138520,5,Chatbot displacement of customer-facing interactions; Generative AI producing marketing and creative copy; AI-driven workforce planning and scheduling,26,Conflict resolution and mediation across departments; Strategic vision-setting in uncertain markets; Building organizational culture and employee engagement; Navigating complex interpersonal and political dynamics; Inspiring and leading teams through organizational change
Public Relations Specialists,83,280590,69780,4.8,AI music composition and audio production; AI coding assistants reducing developer demand; AI-powered research and literature review tools,36,Emotionally resonant storytelling and narrative craft; Original creative vision and artistic direction; Collaborative creative ideation and brainstorming; Cultural interpretation and contextual sensitivity
Public Safety Telecommunicators,78,101140,50730,3.5,AI-generated written content replacing manual drafting; Intelligent document processing and OCR automation; AI scheduling and calendar management assistants; AI summarization replacing manual report compilation,56,Coordinating complex multi-party events and logistics; Handling confidential and politically sensitive information; Building trust-based relationships with executives; Managing sensitive interpersonal workplace situations
"Pump Operators, Except Wellhead Pumpers",67,12600,60020,2.6,Chatbot displacement of customer-facing interactions; Large language model automation of analysis tasks; AI-powered research and literature review tools; AI route optimization reducing dispatcher roles,65,Customer interaction and conflict resolution during delivery; Emergency situation response and quick decision-making; Navigating unpredictable road and weather conditions
Purchasing Managers,95,81240,139510,3.1,Project management automation and resource allocation AI; AI-powered research and literature review tools; Automated data interpretation and insight generation,32,Conflict resolution and mediation across departments; Strategic vision-setting in uncertain markets; Navigating complex interpersonal and political dynamics; Inspiring and leading teams through organizational change
Radiation Therapists,70,18700,101990,1.9,AI-assisted diagnostic imaging reducing radiologist workload; AI coding assistants reducing developer demand; Natural language processing for clinical documentation; Telehealth platforms automating triage and intake,45,Ethical decision-making in end-of-life situations; Emergency triage requiring rapid human judgment; Empathetic patient communication and bedside manner; Complex clinical judgment in ambiguous presentations
"Radio, Cellular, and Tower Equipment Installers and Repairers",53,11400,64190,8.6,Augmented reality-guided remote diagnostics; Predictive maintenance AI reducing reactive repair needs; Robotic inspection of hard-to-reach equipment; AI parts inventory and supply chain optimization,59,"Diagnosing novel equipment failures through physical inspection; Working in confined, elevated, or hazardous spaces; Adapting repairs to non-standard or legacy equipment; Customer communication about technical issues"
Radiologic Technologists and Technicians,78,223460,77660,4.3,AI-assisted diagnostic imaging reducing radiologist workload; Telehealth platforms automating triage and intake; Natural language processing for clinical documentation; Administrative automation of medical billing and coding,44,Empathetic patient communication and bedside manner; Ethical decision-making in end-of-life situations; Emergency triage requiring rapid human judgment; Complex clinical judgment in ambiguous presentations
Radiologists,76,26290,239200,2.7,Administrative automation of medical billing and coding; AI summarization replacing manual report compilation; Telehealth platforms automating triage and intake; Large language model automation of analysis tasks,50,Complex clinical judgment in ambiguous presentations; Interdisciplinary care coordination; Empathetic patient communication and bedside manner; Hands-on physical examination and procedures
Rail Car Repairers,25,18300,65680,2.8,Automated fault detection via IoT sensor networks; Augmented reality-guided remote diagnostics; Robotic inspection of hard-to-reach equipment; AI parts inventory and supply chain optimization,56,"Customer communication about technical issues; Diagnosing novel equipment failures through physical inspection; Working in confined, elevated, or hazardous spaces; Hands-on fine motor work in intricate machinery"
Rail Transportation Workers,35,101190,75990,1.2,Autonomous vehicle and self-driving truck technology; AI route optimization reducing dispatcher roles; AI traffic management and fleet coordination,34,Navigating complex urban environments with obstacles; Emergency situation response and quick decision-making; Manual loading of irregular and fragile cargo; Customer interaction and conflict resolution during delivery
"Rail Transportation Workers, All Other",35,1520,49330,3.9,AI route optimization reducing dispatcher roles; Autonomous vehicle and self-driving truck technology; Predictive maintenance reducing manual inspection needs,36,Navigating complex urban environments with obstacles; Navigating unpredictable road and weather conditions; Manual loading of irregular and fragile cargo; Emergency situation response and quick decision-making
"Rail Yard Engineers, Dinkey Operators, and Hostlers",36,3300,58030,0.3,AI traffic management and fleet coordination; Drone delivery displacing last-mile logistics workers; Automated warehouse sorting and loading systems; Predictive maintenance reducing manual inspection needs,60,Navigating unpredictable road and weather conditions; Customer interaction and conflict resolution during delivery; Manual loading of irregular and fragile cargo
Rail-Track Laying and Maintenance Equipment Operators,21,16480,67370,1.6,BIM-integrated automated progress tracking; 3D printing of building components; Autonomous heavy equipment operation; AI project scheduling and resource optimization,55,Adapting to unique building configurations on-site; Real-time safety judgment in hazardous conditions; Physical work in confined or elevated spaces; Navigating unpredictable and unstructured job sites
"Railroad Brake, Signal, and Switch Operators and Locomotive Firers",38,12460,65480,1,Autonomous vehicle and self-driving truck technology; AI route optimization reducing dispatcher roles; Drone delivery displacing last-mile logistics workers; Automated warehouse sorting and loading systems,57,Navigating complex urban environments with obstacles; Customer interaction and conflict resolution during delivery; Navigating unpredictable road and weather conditions; Manual loading of irregular and fragile cargo
Railroad Conductors and Yardmasters,84,42710,74080,1.1,AI coding assistants reducing developer demand; AI traffic management and fleet coordination; Chatbot displacement of customer-facing interactions; AI route optimization reducing dispatcher roles,65,Emergency situation response and quick decision-making; Navigating unpredictable road and weather conditions; Customer interaction and conflict resolution during delivery
Real Estate Brokers,74,49590,72280,3.3,Automated data interpretation and insight generation; AI-generated written content replacing manual drafting; AI-powered product recommendation engines; E-commerce automation reducing in-store sales staff,63,Building long-term client relationships and trust; In-person product demonstrations and hands-on experience; Resolving novel customer complaints with empathy
Real Estate Sales Agents,70,190600,56320,3.1,Chatbot and virtual assistant sales displacement; AI-generated written content replacing manual drafting; AI coding assistants reducing developer demand; AI-powered product recommendation engines,57,Negotiating bespoke deals with multiple stakeholders; Reading customer emotional cues and adapting approach; In-person product demonstrations and hands-on experience; Consultative selling for complex or high-value products
Receptionists and Information Clerks,87,964530,37230,0,Intelligent document processing and OCR automation; AI scheduling and calendar management assistants; Smart form extraction replacing manual data processing; Chatbot displacement of customer-facing interactions; AI-powered email triage and response drafting,73,Handling confidential and politically sensitive information; Building trust-based relationships with executives; Managing sensitive interpersonal workplace situations
"Recreation and Fitness Studies Teachers, Postsecondary",95,12680,75890,2.4,AI tutoring systems providing personalized instruction; Generative AI producing marketing and creative copy; Automated grading and assessment tools; Virtual classroom platforms reducing instructor demand,55,Mentoring students through personal and academic challenges; Inspiring and motivating students through personal connection; Developing creative and engaging hands-on lessons; Adapting instruction to individual learning needs in real-time
Recreation Workers,71,309640,35380,4.1,Generative AI producing marketing and creative copy; Automated data interpretation and insight generation; Large language model automation of analysis tasks,35,Creative aesthetic judgment for individual clients; Personalized hands-on service requiring tactile skill; Building trust and rapport with repeat clients; Adapting techniques to individual body types and preferences
Recreational Therapists,81,15060,60280,3.3,AI clinical decision-support tools guiding treatment; Administrative automation of medical billing and coding; Telehealth platforms automating triage and intake,31,Interdisciplinary care coordination; Emergency triage requiring rapid human judgment; Complex clinical judgment in ambiguous presentations; Ethical decision-making in end-of-life situations
Recreational Vehicle Service Technicians,31,18710,50540,11.5,Predictive maintenance AI reducing reactive repair needs; Augmented reality-guided remote diagnostics; Robotic inspection of hard-to-reach equipment; Automated fault detection via IoT sensor networks,50,"Diagnosing novel equipment failures through physical inspection; Working in confined, elevated, or hazardous spaces; Adapting repairs to non-standard or legacy equipment; Customer communication about technical issues"
"Refractory Materials Repairers, Except Brickmasons",10,1100,58540,-16.9,Augmented reality-guided remote diagnostics; Predictive maintenance AI reducing reactive repair needs; AI parts inventory and supply chain optimization; Automated fault detection via IoT sensor networks,68,Diagnosing novel equipment failures through physical inspection; Customer communication about technical issues; Hands-on fine motor work in intricate machinery
Refuse and Recyclable Material Collectors,44,139180,48350,0.9,Drone delivery displacing last-mile logistics workers; Autonomous vehicle and self-driving truck technology; Automated warehouse sorting and loading systems; AI traffic management and fleet coordination,63,Navigating unpredictable road and weather conditions; Emergency situation response and quick decision-making; Customer interaction and conflict resolution during delivery
Registered Nurses,80,3282010,93600,4.9,AI-generated written content replacing manual drafting; Administrative automation of medical billing and coding; AI summarization replacing manual report compilation,33,Interdisciplinary care coordination; Ethical decision-making in end-of-life situations; Hands-on physical examination and procedures; Complex clinical judgment in ambiguous presentations
Rehabilitation Counselors,87,88930,46110,1.4,AI-driven case management and resource matching; Chatbot displacement of customer-facing interactions; Chatbot counseling and mental health screening tools,37,Navigating complex family and community dynamics; Advocacy and relationship-building with institutions; Deep empathetic engagement with vulnerable populations; Cultural sensitivity in diverse community contexts
Reinforcing Iron and Rebar Workers,10,14140,59280,4.6,Autonomous heavy equipment operation; 3D printing of building components; Drone-based site surveying and inspection,39,Real-time safety judgment in hazardous conditions; Navigating unpredictable and unstructured job sites; Fine motor craftsmanship in custom installations; Client-facing consultation on custom project needs
Religious Workers,35,91710,58570,1.2,AI translation and accessibility tools reducing interpreter needs; Automated eligibility assessment for social programs; Data analytics optimizing community program delivery,35,Advocacy and relationship-building with institutions; Cultural sensitivity in diverse community contexts; Crisis intervention requiring immediate human judgment; Navigating complex family and community dynamics
"Religious Workers, All Other",35,12170,45120,0.6,AI translation and accessibility tools reducing interpreter needs; Automated eligibility assessment for social programs; AI-driven case management and resource matching,36,Cultural sensitivity in diverse community contexts; Deep empathetic engagement with vulnerable populations; Advocacy and relationship-building with institutions; Navigating complex family and community dynamics
Reservation and Transportation Ticket Agents and Travel Clerks,59,127440,41460,2.8,Smart form extraction replacing manual data processing; Intelligent document processing and OCR automation; AI-powered email triage and response drafting; AI scheduling and calendar management assistants,53,Managing sensitive interpersonal workplace situations; Exercising discretion in ambiguous administrative decisions; Building trust-based relationships with executives; Handling confidential and politically sensitive information
Residential Advisors,76,82810,39180,3.8,AI fitness coaching apps displacing personal trainers; Automated booking and client management platforms; AI-generated written content replacing manual drafting; Generative AI producing marketing and creative copy,41,Creative aesthetic judgment for individual clients; Adapting techniques to individual body types and preferences; Emotional support and active listening during sessions; Building trust and rapport with repeat clients
Respiratory Therapists,48,136420,80450,12.1,AI-assisted diagnostic imaging reducing radiologist workload; Telehealth platforms automating triage and intake; Automated patient monitoring and alert systems,35,Empathetic patient communication and bedside manner; Complex clinical judgment in ambiguous presentations; Hands-on physical examination and procedures; Interdisciplinary care coordination
Retail Sales Workers,35,7633890,33690,-4,E-commerce automation reducing in-store sales staff; Self-checkout and cashierless store technology; Dynamic pricing algorithms replacing pricing roles,31,Negotiating bespoke deals with multiple stakeholders; Building long-term client relationships and trust; Resolving novel customer complaints with empathy; Consultative selling for complex or high-value products
Retail Salespersons,53,3800250,34580,-0.5,AI-powered product recommendation engines; Chatbot and virtual assistant sales displacement; E-commerce automation reducing in-store sales staff; Dynamic pricing algorithms replacing pricing roles,66,Negotiating bespoke deals with multiple stakeholders; Consultative selling for complex or high-value products; In-person product demonstrations and hands-on experience
Riggers,31,24190,62060,3.2,Predictive maintenance AI reducing reactive repair needs; Augmented reality-guided remote diagnostics; Automated fault detection via IoT sensor networks; AI parts inventory and supply chain optimization,43,"Diagnosing novel equipment failures through physical inspection; Working in confined, elevated, or hazardous spaces; Adapting repairs to non-standard or legacy equipment; Hands-on fine motor work in intricate machinery"
"Rock Splitters, Quarry",10,3080,47460,4.4,AI project scheduling and resource optimization; Drone-based site surveying and inspection; 3D printing of building components; Robotic bricklaying and prefabrication automation,57,Adapting to unique building configurations on-site; Fine motor craftsmanship in custom installations; Navigating unpredictable and unstructured job sites; Physical work in confined or elevated spaces
"Rolling Machine Setters, Operators, and Tenders, Metal and Plastic",53,22350,48630,-8.3,Smart factory scheduling and production optimization; Automated CNC programming and machine operation; Industrial robotics replacing manual assembly tasks; AI quality inspection via computer vision systems,70,Troubleshooting complex equipment malfunctions; Setup and calibration of custom production runs; Coordinating workflow across diverse production teams
"Roof Bolters, Mining",10,2230,76640,-34.2,BIM-integrated automated progress tracking; Autonomous heavy equipment operation; AI project scheduling and resource optimization; Drone-based site surveying and inspection,63,Adapting to unique building configurations on-site; Navigating unpredictable and unstructured job sites; Fine motor craftsmanship in custom installations
Roofers,38,136740,50970,5.9,Drone-based site surveying and inspection; Robotic bricklaying and prefabrication automation; Autonomous heavy equipment operation; BIM-integrated automated progress tracking,60,Navigating unpredictable and unstructured job sites; Fine motor craftsmanship in custom installations; Real-time safety judgment in hazardous conditions
"Rotary Drill Operators, Oil and Gas",24,13090,65010,0.2,AI project scheduling and resource optimization; Robotic bricklaying and prefabrication automation; BIM-integrated automated progress tracking; 3D printing of building components,45,Physical work in confined or elevated spaces; Adapting to unique building configurations on-site; Real-time safety judgment in hazardous conditions; Fine motor craftsmanship in custom installations
"Roustabouts, Oil and Gas",10,45330,47510,2.5,3D printing of building components; Autonomous heavy equipment operation; BIM-integrated automated progress tracking; AI project scheduling and resource optimization,48,Adapting to unique building configurations on-site; Fine motor craftsmanship in custom installations; Client-facing consultation on custom project needs; Navigating unpredictable and unstructured job sites
Sailors and Marine Oilers,38,31360,49610,2.3,AI traffic management and fleet coordination; Drone delivery displacing last-mile logistics workers; AI route optimization reducing dispatcher roles; Automated warehouse sorting and loading systems,53,Navigating complex urban environments with obstacles; Emergency situation response and quick decision-making; Manual loading of irregular and fragile cargo; Customer interaction and conflict resolution during delivery
"Sales and Related Workers, All Other",35,99070,46370,3.7,AI-powered product recommendation engines; Chatbot and virtual assistant sales displacement; Automated CRM lead scoring and outreach; Self-checkout and cashierless store technology,52,Building long-term client relationships and trust; Consultative selling for complex or high-value products; Reading customer emotional cues and adapting approach; Negotiating bespoke deals with multiple stakeholders
Sales Engineers,81,56690,121520,5.5,AI-powered product recommendation engines; Chatbot and virtual assistant sales displacement; Generative AI producing marketing and creative copy,36,Resolving novel customer complaints with empathy; Building long-term client relationships and trust; In-person product demonstrations and hands-on experience; Consultative selling for complex or high-value products
Sales Managers,88,603710,138060,4.7,AI-driven workforce planning and scheduling; Generative AI producing marketing and creative copy; AI strategic decision-support dashboards,36,Navigating complex interpersonal and political dynamics; Building organizational culture and employee engagement; Inspiring and leading teams through organizational change; Strategic vision-setting in uncertain markets
"Sales Representatives of Services, Except Advertising, Insurance, Financial Services, and Travel",95,1189330,66260,3.1,Large language model automation of analysis tasks; Automated CRM lead scoring and outreach; AI summarization replacing manual report compilation; AI-powered product recommendation engines,48,Building long-term client relationships and trust; Consultative selling for complex or high-value products; Reading customer emotional cues and adapting approach; Negotiating bespoke deals with multiple stakeholders
"Sales Representatives, Services",35,2287740,64200,2.9,E-commerce automation reducing in-store sales staff; Self-checkout and cashierless store technology; Dynamic pricing algorithms replacing pricing roles,35,Negotiating bespoke deals with multiple stakeholders; In-person product demonstrations and hands-on experience; Resolving novel customer complaints with empathy; Reading customer emotional cues and adapting approach
"Sales Representatives, Wholesale and Manufacturing",35,1560790,74100,0.6,Automated CRM lead scoring and outreach; Chatbot and virtual assistant sales displacement; E-commerce automation reducing in-store sales staff; Self-checkout and cashierless store technology,47,Reading customer emotional cues and adapting approach; Resolving novel customer complaints with empathy; Consultative selling for complex or high-value products; Negotiating bespoke deals with multiple stakeholders
"Sales Representatives, Wholesale and Manufacturing, Except Technical and Scientific Products",76,1266860,66780,0.3,Self-checkout and cashierless store technology; AI-generated written content replacing manual drafting; AI summarization replacing manual report compilation; AI-powered research and literature review tools,61,In-person product demonstrations and hands-on experience; Reading customer emotional cues and adapting approach; Resolving novel customer complaints with empathy
"Sales Representatives, Wholesale and Manufacturing, Technical and Scientific Products",75,293930,100070,1.9,Generative AI producing marketing and creative copy; AI-powered product recommendation engines; Chatbot and virtual assistant sales displacement,37,Building long-term client relationships and trust; In-person product demonstrations and hands-on experience; Consultative selling for complex or high-value products; Reading customer emotional cues and adapting approach
"Sawing Machine Setters, Operators, and Tenders, Wood",38,43140,39950,-0.6,Automated CNC programming and machine operation; Smart factory scheduling and production optimization; AI quality inspection via computer vision systems; Cobots handling repetitive material handling tasks,59,Setup and calibration of custom production runs; Coordinating workflow across diverse production teams; Quality judgment requiring tactile and visual inspection; Handling non-standard materials and configurations
School Bus Monitors,42,72140,34980,-2.7,AI-powered surveillance and threat detection systems; Predictive policing and crime analytics; Automated access control and identity verification; Drone-based perimeter monitoring and response,58,Split-second judgment in life-threatening situations; Community relationship-building and trust development; Navigating legally and ethically complex enforcement scenarios; Physical apprehension and emergency response
School Psychologists,95,63830,86930,0.7,Large language model automation of analysis tasks; AI coding assistants reducing developer demand; AI-powered research and literature review tools,30,Designing novel experiments and research methodologies; Interpreting ambiguous results with domain expertise; Ethical oversight of research involving human subjects; Fieldwork in unstructured natural environments
"Secondary School Teachers, Except Special and Career/Technical Education",74,1072540,64580,-1.6,AI coding assistants reducing developer demand; Automated data interpretation and insight generation; Generative AI producing marketing and creative copy,37,Adapting instruction to individual learning needs in real-time; Managing classroom dynamics and student behavior; Developing creative and engaging hands-on lessons; Mentoring students through personal and academic challenges
Secretaries and Administrative Assistants,35,3195900,47460,-0.4,Robotic process automation of data entry workflows; Automated invoice and expense processing; AI scheduling and calendar management assistants; Intelligent document processing and OCR automation,53,Managing sensitive interpersonal workplace situations; Handling confidential and politically sensitive information; Building trust-based relationships with executives; Exercising discretion in ambiguous administrative decisions
"Secretaries and Administrative Assistants, Except Legal, Medical, and Executive",81,1737820,46290,-1.6,AI-generated written content replacing manual drafting; AI-powered email triage and response drafting; AI coding assistants reducing developer demand; Chatbot displacement of customer-facing interactions; Robotic process automation of data entry workflows,73,Managing sensitive interpersonal workplace situations; Handling confidential and politically sensitive information; Coordinating complex multi-party events and logistics
"Securities, Commodities, and Financial Services Sales Agents",95,472300,78140,3.3,Automated data interpretation and insight generation; AI coding assistants reducing developer demand; Chatbot displacement of customer-facing interactions,39,Building long-term client relationships and trust; Negotiating bespoke deals with multiple stakeholders; Consultative selling for complex or high-value products; Reading customer emotional cues and adapting approach
Security and Fire Alarm Systems Installers,57,81510,59300,10.4,Automated fault detection via IoT sensor networks; Robotic inspection of hard-to-reach equipment; AI parts inventory and supply chain optimization; Augmented reality-guided remote diagnostics,61,"Customer communication about technical issues; Adapting repairs to non-standard or legacy equipment; Working in confined, elevated, or hazardous spaces"
Security Guards,38,1241770,38370,0.4,Drone-based perimeter monitoring and response; AI-powered surveillance and threat detection systems; Automated access control and identity verification; Autonomous patrol and security robots,60,Navigating legally and ethically complex enforcement scenarios; Split-second judgment in life-threatening situations; De-escalation of volatile interpersonal confrontations
Self-Enrichment Teachers,67,308520,45590,3.7,AI tutoring systems providing personalized instruction; Virtual classroom platforms reducing instructor demand; Automated data interpretation and insight generation,37,Mentoring students through personal and academic challenges; Inspiring and motivating students through personal connection; Adapting instruction to individual learning needs in real-time; Developing creative and engaging hands-on lessons
Semiconductor Processing Technicians,44,32150,51180,10.9,Predictive maintenance reducing manual inspection roles; Automated CNC programming and machine operation; AI quality inspection via computer vision systems; Industrial robotics replacing manual assembly tasks,61,Troubleshooting complex equipment malfunctions; Quality judgment requiring tactile and visual inspection; Setup and calibration of custom production runs
"Separating, Filtering, Clarifying, Precipitating, and Still Machine Setters, Operators, and Tenders",48,54200,49500,-4.3,Smart factory scheduling and production optimization; Cobots handling repetitive material handling tasks; Automated CNC programming and machine operation; AI quality inspection via computer vision systems,66,Troubleshooting complex equipment malfunctions; Coordinating workflow across diverse production teams; Handling non-standard materials and configurations
Septic Tank Servicers and Sewer Pipe Cleaners,21,29050,49140,7.6,Autonomous heavy equipment operation; AI project scheduling and resource optimization; Drone-based site surveying and inspection; Robotic bricklaying and prefabrication automation,51,Physical work in confined or elevated spaces; Navigating unpredictable and unstructured job sites; Fine motor craftsmanship in custom installations; Client-facing consultation on custom project needs
"Service Unit Operators, Oil and Gas",24,44120,57980,0.4,3D printing of building components; Autonomous heavy equipment operation; BIM-integrated automated progress tracking; AI project scheduling and resource optimization,58,Navigating unpredictable and unstructured job sites; Real-time safety judgment in hazardous conditions; Physical work in confined or elevated spaces; Client-facing consultation on custom project needs
Set and Exhibit Designers,70,10850,66280,2.3,Chatbot displacement of customer-facing interactions; Generative AI creating visual art and design assets; Large language model automation of analysis tasks,28,Cultural interpretation and contextual sensitivity; Physical artistry and hands-on creative execution; Collaborative creative ideation and brainstorming; Emotionally resonant storytelling and narrative craft; Live performance and audience engagement
"Sewers, Hand",10,2240,33760,-7,AI quality inspection via computer vision systems; Industrial robotics replacing manual assembly tasks; Smart factory scheduling and production optimization; Automated CNC programming and machine operation,66,Quality judgment requiring tactile and visual inspection; Troubleshooting complex equipment malfunctions; Setup and calibration of custom production runs
Sewing Machine Operators,24,109590,36000,-10.8,AI quality inspection via computer vision systems; Industrial robotics replacing manual assembly tasks; Cobots handling repetitive material handling tasks; Predictive maintenance reducing manual inspection roles,67,Troubleshooting complex equipment malfunctions; Quality judgment requiring tactile and visual inspection; Handling non-standard materials and configurations
Shampooers,53,8890,31470,5.5,AI fitness coaching apps displacing personal trainers; AI-powered skincare and beauty recommendation apps; Automated booking and client management platforms; Virtual try-on technology reducing in-person consultations,62,Emotional support and active listening during sessions; Creative aesthetic judgment for individual clients; Adapting techniques to individual body types and preferences
Sheet Metal Workers,22,117470,60850,2.4,BIM-integrated automated progress tracking; 3D printing of building components; Autonomous heavy equipment operation; AI project scheduling and resource optimization,50,Physical work in confined or elevated spaces; Adapting to unique building configurations on-site; Client-facing consultation on custom project needs; Real-time safety judgment in hazardous conditions
Ship Engineers,53,8580,101320,1.6,AI route optimization reducing dispatcher roles; Automated warehouse sorting and loading systems; Drone delivery displacing last-mile logistics workers,33,Customer interaction and conflict resolution during delivery; Emergency situation response and quick decision-making; Manual loading of irregular and fragile cargo; Navigating complex urban environments with obstacles
"Shipping, Receiving, and Inventory Clerks",95,857630,43190,-7.7,Intelligent document processing and OCR automation; AI-generated written content replacing manual drafting; AI summarization replacing manual report compilation; AI coding assistants reducing developer demand; AI scheduling and calendar management assistants,82,Coordinating complex multi-party events and logistics; Handling confidential and politically sensitive information; Exercising discretion in ambiguous administrative decisions
Shoe and Leather Workers and Repairers,10,7640,35950,-3.8,Automated CNC programming and machine operation; Predictive maintenance reducing manual inspection roles; Smart factory scheduling and production optimization; AI quality inspection via computer vision systems,45,Coordinating workflow across diverse production teams; Setup and calibration of custom production runs; Handling non-standard materials and configurations; Troubleshooting complex equipment malfunctions
Shoe Machine Operators and Tenders,10,3270,38160,-3.7,Cobots handling repetitive material handling tasks; Industrial robotics replacing manual assembly tasks; AI quality inspection via computer vision systems; Automated CNC programming and machine operation,58,Setup and calibration of custom production runs; Quality judgment requiring tactile and visual inspection; Coordinating workflow across diverse production teams; Troubleshooting complex equipment malfunctions
Shuttle Drivers and Chauffeurs,48,229630,36670,6.7,AI traffic management and fleet coordination; Predictive maintenance reducing manual inspection needs; Automated warehouse sorting and loading systems; Drone delivery displacing last-mile logistics workers,48,Manual loading of irregular and fragile cargo; Navigating unpredictable road and weather conditions; Customer interaction and conflict resolution during delivery; Navigating complex urban environments with obstacles
Signal and Track Switch Repairers,31,8210,83600,1.7,Augmented reality-guided remote diagnostics; AI parts inventory and supply chain optimization; Robotic inspection of hard-to-reach equipment; Predictive maintenance AI reducing reactive repair needs,56,"Adapting repairs to non-standard or legacy equipment; Working in confined, elevated, or hazardous spaces; Hands-on fine motor work in intricate machinery; Customer communication about technical issues"
Skincare Specialists,53,70240,41560,6.7,AI fitness coaching apps displacing personal trainers; Automated booking and client management platforms; Virtual try-on technology reducing in-person consultations; AI-powered skincare and beauty recommendation apps,46,Personalized hands-on service requiring tactile skill; Emotional support and active listening during sessions; Building trust and rapport with repeat clients; Creative aesthetic judgment for individual clients
Slaughterers and Meat Packers,10,67500,39790,2.2,Smart factory scheduling and production optimization; Cobots handling repetitive material handling tasks; Industrial robotics replacing manual assembly tasks; AI quality inspection via computer vision systems,47,Handling non-standard materials and configurations; Coordinating workflow across diverse production teams; Setup and calibration of custom production runs; Quality judgment requiring tactile and visual inspection
Social and Community Service Managers,84,195490,78240,6.4,Large language model automation of analysis tasks; AI-driven workforce planning and scheduling; Automated performance analytics and reporting,40,Building organizational culture and employee engagement; Strategic vision-setting in uncertain markets; Navigating complex interpersonal and political dynamics; Conflict resolution and mediation across departments
Social and Human Service Assistants,83,424220,45120,6.4,AI-driven case management and resource matching; AI coding assistants reducing developer demand; Automated eligibility assessment for social programs; Chatbot counseling and mental health screening tools,47,Crisis intervention requiring immediate human judgment; Deep empathetic engagement with vulnerable populations; Cultural sensitivity in diverse community contexts; Navigating complex family and community dynamics
Social Science Research Assistants,84,32940,58040,4.4,AI-accelerated data analysis and pattern recognition; Large language model automation of analysis tasks; Robotic sample preparation and experimentation; Generative AI producing marketing and creative copy,58,Designing novel experiments and research methodologies; Ethical oversight of research involving human subjects; Interpreting ambiguous results with domain expertise; Fieldwork in unstructured natural environments
"Social Sciences Teachers, Postsecondary, All Other",35,17540,75040,1.7,Automated grading and assessment tools; Adaptive learning technology replacing remedial roles; Virtual classroom platforms reducing instructor demand,34,Developing creative and engaging hands-on lessons; Managing classroom dynamics and student behavior; Adapting instruction to individual learning needs in real-time; Mentoring students through personal and academic challenges
Social Scientists and Related Workers,35,279960,92900,3.7,Robotic sample preparation and experimentation; Machine learning models replacing manual hypothesis testing; AI literature review and meta-analysis automation,21,Designing novel experiments and research methodologies; Interpreting ambiguous results with domain expertise; Fieldwork in unstructured natural environments; Collaborative scientific discourse and peer review; Ethical oversight of research involving human subjects
"Social Scientists and Related Workers, All Other",95,36970,100340,-1.7,AI-accelerated data analysis and pattern recognition; AI summarization replacing manual report compilation; Large language model automation of analysis tasks,32,Ethical oversight of research involving human subjects; Fieldwork in unstructured natural environments; Collaborative scientific discourse and peer review; Interpreting ambiguous results with domain expertise
"Social Work Teachers, Postsecondary",95,13350,76210,2.3,Large language model automation of analysis tasks; AI coding assistants reducing developer demand; AI-generated written content replacing manual drafting; Adaptive learning technology replacing remedial roles,49,Developing creative and engaging hands-on lessons; Mentoring students through personal and academic challenges; Managing classroom dynamics and student behavior; Adapting instruction to individual learning needs in real-time
"Social Workers, All Other",35,64940,69480,3.9,AI-driven case management and resource matching; Chatbot counseling and mental health screening tools; Automated eligibility assessment for social programs,22,Crisis intervention requiring immediate human judgment; Advocacy and relationship-building with institutions; Navigating complex family and community dynamics; Cultural sensitivity in diverse community contexts; Deep empathetic engagement with vulnerable populations
Sociologists,95,2950,101690,3.6,AI summarization replacing manual report compilation; AI coding assistants reducing developer demand; AI-generated written content replacing manual drafting; AI-accelerated data analysis and pattern recognition,42,Collaborative scientific discourse and peer review; Interpreting ambiguous results with domain expertise; Ethical oversight of research involving human subjects; Designing novel experiments and research methodologies
"Sociology Teachers, Postsecondary",95,12380,82540,2.1,Virtual classroom platforms reducing instructor demand; Chatbot displacement of customer-facing interactions; Adaptive learning technology replacing remedial roles; AI-powered research and literature review tools,50,Developing creative and engaging hands-on lessons; Mentoring students through personal and academic challenges; Managing classroom dynamics and student behavior; Adapting instruction to individual learning needs in real-time
Software Developers,80,1654440,133080,15.8,Machine learning model auto-tuning displacing ML engineers; AI-powered research and literature review tools; AI-generated written content replacing manual drafting,34,Architecting novel systems requiring creative problem-solving; Stakeholder negotiation and requirements elicitation; Mentoring junior developers and team leadership; Crisis debugging of complex production incidents
Software Quality Assurance Analysts and Testers,84,199800,102610,10,Chatbot displacement of customer-facing interactions; Cloud automation reducing infrastructure management roles; Large language model automation of analysis tasks; AI-driven cybersecurity threat detection replacing analysts,44,Crisis debugging of complex production incidents; Ethical AI oversight and bias auditing; Mentoring junior developers and team leadership; Stakeholder negotiation and requirements elicitation
Soil and Plant Scientists,63,16600,71410,5.4,Robotic sample preparation and experimentation; Automated laboratory instrumentation and workflows; AI-generated written content replacing manual drafting,34,Interpreting ambiguous results with domain expertise; Fieldwork in unstructured natural environments; Ethical oversight of research involving human subjects; Designing novel experiments and research methodologies
Solar Photovoltaic Installers,57,28280,51860,42.1,Drone-based site surveying and inspection; Robotic bricklaying and prefabrication automation; BIM-integrated automated progress tracking; Autonomous heavy equipment operation,47,Adapting to unique building configurations on-site; Fine motor craftsmanship in custom installations; Client-facing consultation on custom project needs; Navigating unpredictable and unstructured job sites
Sound Engineering Technicians,78,13050,66430,-1.7,Generative AI creating visual art and design assets; Large language model automation of analysis tasks; AI video editing and post-production automation; AI summarization replacing manual report compilation,46,Original creative vision and artistic direction; Emotionally resonant storytelling and narrative craft; Collaborative creative ideation and brainstorming; Live performance and audience engagement
"Special Education Teachers, All Other",87,39350,67430,1.1,Large language model automation of analysis tasks; AI tutoring systems providing personalized instruction; Generative AI producing marketing and creative copy,39,Adapting instruction to individual learning needs in real-time; Mentoring students through personal and academic challenges; Developing creative and engaging hands-on lessons; Inspiring and motivating students through personal connection
"Special Education Teachers, Kindergarten and Elementary School",35,231570,63000,-1.8,Virtual classroom platforms reducing instructor demand; AI-generated curriculum and lesson plan content; Automated grading and assessment tools,25,Inspiring and motivating students through personal connection; Adapting instruction to individual learning needs in real-time; Developing creative and engaging hands-on lessons; Managing classroom dynamics and student behavior; Mentoring students through personal and academic challenges
"Special Education Teachers, Middle School",74,95330,64880,-1.9,AI tutoring systems providing personalized instruction; Chatbot displacement of customer-facing interactions; AI coding assistants reducing developer demand,37,Developing creative and engaging hands-on lessons; Mentoring students through personal and academic challenges; Managing classroom dynamics and student behavior; Adapting instruction to individual learning needs in real-time
"Special Education Teachers, Preschool",59,28200,62190,1.4,AI tutoring systems providing personalized instruction; Automated grading and assessment tools; AI-generated curriculum and lesson plan content,29,Managing classroom dynamics and student behavior; Adapting instruction to individual learning needs in real-time; Mentoring students through personal and academic challenges; Inspiring and motivating students through personal connection; Developing creative and engaging hands-on lessons
"Special Education Teachers, Secondary School",74,162780,69590,-1.6,AI summarization replacing manual report compilation; Automated data interpretation and insight generation; AI-generated written content replacing manual drafting,37,Inspiring and motivating students through personal connection; Adapting instruction to individual learning needs in real-time; Managing classroom dynamics and student behavior; Mentoring students through personal and academic challenges
Special Effects Artists and Animators,74,21280,99800,1.6,Text-to-image tools displacing graphic design work; AI copywriting tools reducing editorial demand; Chatbot displacement of customer-facing interactions,25,Live performance and audience engagement; Original creative vision and artistic direction; Emotionally resonant storytelling and narrative craft; Physical artistry and hands-on creative execution; Cultural interpretation and contextual sensitivity
Speech-Language Pathologists,86,178790,95410,15,Natural language processing for clinical documentation; Large language model automation of analysis tasks; Administrative automation of medical billing and coding,33,Interdisciplinary care coordination; Hands-on physical examination and procedures; Emergency triage requiring rapid human judgment; Ethical decision-making in end-of-life situations
Stationary Engineers and Boiler Operators,49,30780,75190,2.2,Smart factory scheduling and production optimization; Predictive maintenance reducing manual inspection roles; Industrial robotics replacing manual assembly tasks; Automated CNC programming and machine operation,60,Setup and calibration of custom production runs; Coordinating workflow across diverse production teams; Quality judgment requiring tactile and visual inspection
Statistical Assistants,95,5900,51440,-2.5,Intelligent document processing and OCR automation; AI coding assistants reducing developer demand; Large language model automation of analysis tasks; AI summarization replacing manual report compilation,67,Coordinating complex multi-party events and logistics; Building trust-based relationships with executives; Managing sensitive interpersonal workplace situations
Statisticians,86,29800,103300,8.5,AI summarization replacing manual report compilation; AI-generated written content replacing manual drafting; Machine learning model auto-tuning displacing ML engineers; Chatbot displacement of customer-facing interactions,41,Architecting novel systems requiring creative problem-solving; Cross-functional collaboration on ambiguous problems; Stakeholder negotiation and requirements elicitation; Ethical AI oversight and bias auditing
Stockers and Order Fillers,49,2779530,37090,8.5,Autonomous vehicle and self-driving truck technology; AI route optimization reducing dispatcher roles; AI traffic management and fleet coordination; Drone delivery displacing last-mile logistics workers,60,Emergency situation response and quick decision-making; Manual loading of irregular and fragile cargo; Customer interaction and conflict resolution during delivery
Stonemasons,10,8750,51990,-3,BIM-integrated automated progress tracking; Drone-based site surveying and inspection; AI project scheduling and resource optimization; Autonomous heavy equipment operation,42,Navigating unpredictable and unstructured job sites; Fine motor craftsmanship in custom installations; Real-time safety judgment in hazardous conditions; Adapting to unique building configurations on-site
Structural Iron and Steel Workers,21,64720,62700,4.4,Autonomous heavy equipment operation; 3D printing of building components; BIM-integrated automated progress tracking; AI project scheduling and resource optimization,54,Real-time safety judgment in hazardous conditions; Client-facing consultation on custom project needs; Fine motor craftsmanship in custom installations; Physical work in confined or elevated spaces
Structural Metal Fabricators and Fitters,10,53380,49900,-16.3,Predictive maintenance reducing manual inspection roles; Cobots handling repetitive material handling tasks; Automated CNC programming and machine operation; Industrial robotics replacing manual assembly tasks,53,Handling non-standard materials and configurations; Setup and calibration of custom production runs; Quality judgment requiring tactile and visual inspection; Troubleshooting complex equipment malfunctions
"Substance Abuse, Behavioral Disorder, and Mental Health Counselors",35,440380,59190,16.8,Chatbot counseling and mental health screening tools; AI-driven case management and resource matching; Data analytics optimizing community program delivery,23,Deep empathetic engagement with vulnerable populations; Navigating complex family and community dynamics; Advocacy and relationship-building with institutions; Crisis intervention requiring immediate human judgment; Cultural sensitivity in diverse community contexts
"Substitute Teachers, Short-Term",67,481300,38470,1.6,AI tutoring systems providing personalized instruction; Virtual classroom platforms reducing instructor demand; Adaptive learning technology replacing remedial roles; Automated grading and assessment tools,45,Inspiring and motivating students through personal connection; Adapting instruction to individual learning needs in real-time; Managing classroom dynamics and student behavior; Mentoring students through personal and academic challenges
Subway and Streetcar Operators,53,9200,84830,3.4,AI traffic management and fleet coordination; Drone delivery displacing last-mile logistics workers; AI route optimization reducing dispatcher roles; Autonomous vehicle and self-driving truck technology,59,Navigating unpredictable road and weather conditions; Customer interaction and conflict resolution during delivery; Navigating complex urban environments with obstacles; Manual loading of irregular and fragile cargo
Supervisors of Building and Grounds Cleaning and Maintenance Workers,35,298790,49990,2.4,Remote monitoring reducing on-site maintenance staff; Robotic cleaning and facility maintenance systems; IoT-based predictive maintenance scheduling,36,Responding to unpredictable facility emergencies; Physical work in diverse and unstructured environments; Judgment calls on repair vs. replacement decisions; Hands-on troubleshooting of building systems
Supervisors of Construction and Extraction Workers,35,806080,78690,5.3,Robotic bricklaying and prefabrication automation; Drone-based site surveying and inspection; AI project scheduling and resource optimization,33,Navigating unpredictable and unstructured job sites; Client-facing consultation on custom project needs; Fine motor craftsmanship in custom installations; Real-time safety judgment in hazardous conditions
"Supervisors of Farming, Fishing, and Forestry Workers",35,29530,59330,2.5,AI-driven irrigation and soil analysis systems; Robotic sorting and packing of produce; Autonomous harvesting and planting machinery,35,Managing livestock behavior and welfare; Adapting to variable weather and terrain conditions; Sustainable land management judgment calls; Operating in unstructured and remote environments
Supervisors of Food Preparation and Serving Workers,35,1369780,44140,6.2,Automated food preparation and cooking robotics; AI inventory management and waste reduction; Robotic food delivery within establishments; Self-ordering kiosks and mobile app displacement,43,Adapting to real-time dietary and allergy requests; Creative menu development and flavor innovation; Managing chaotic high-volume service environments; Hospitality and personalized guest experiences
"Supervisors of Installation, Maintenance, and Repair Workers",35,600680,78300,3.1,Augmented reality-guided remote diagnostics; Robotic inspection of hard-to-reach equipment; Automated fault detection via IoT sensor networks,33,"Working in confined, elevated, or hazardous spaces; Diagnosing novel equipment failures through physical inspection; Adapting repairs to non-standard or legacy equipment; Customer communication about technical issues"
Supervisors of Office and Administrative Support Workers,35,1495580,66140,-0.3,Robotic process automation of data entry workflows; Smart form extraction replacing manual data processing; AI scheduling and calendar management assistants,23,Building trust-based relationships with executives; Handling confidential and politically sensitive information; Exercising discretion in ambiguous administrative decisions; Coordinating complex multi-party events and logistics; Managing sensitive interpersonal workplace situations
Supervisors of Personal Care and Service Workers,35,225420,48050,6.1,Virtual try-on technology reducing in-person consultations; AI-powered skincare and beauty recommendation apps; Robotic massage and physical therapy devices,36,Building trust and rapport with repeat clients; Personalized hands-on service requiring tactile skill; Emotional support and active listening during sessions; Creative aesthetic judgment for individual clients
Supervisors of Production Workers,35,685140,71190,1.2,Industrial robotics replacing manual assembly tasks; AI quality inspection via computer vision systems; Cobots handling repetitive material handling tasks,34,Troubleshooting complex equipment malfunctions; Handling non-standard materials and configurations; Coordinating workflow across diverse production teams; Quality judgment requiring tactile and visual inspection
Supervisors of Protective Service Workers,35,390970,87050,2.1,Automated access control and identity verification; Predictive policing and crime analytics; Drone-based perimeter monitoring and response,33,Physical apprehension and emergency response; De-escalation of volatile interpersonal confrontations; Community relationship-building and trust development; Navigating legally and ethically complex enforcement scenarios
Supervisors of Sales Workers,35,1332180,49510,-4.1,AI-powered product recommendation engines; Chatbot and virtual assistant sales displacement; Automated CRM lead scoring and outreach,40,Building long-term client relationships and trust; Consultative selling for complex or high-value products; In-person product demonstrations and hands-on experience; Reading customer emotional cues and adapting approach
Supervisors of Transportation and Material Moving Workers,35,615680,61900,3.7,Drone delivery displacing last-mile logistics workers; AI traffic management and fleet coordination; Predictive maintenance reducing manual inspection needs,35,Navigating unpredictable road and weather conditions; Manual loading of irregular and fragile cargo; Emergency situation response and quick decision-making; Navigating complex urban environments with obstacles
"Surgeons, All Other",35,24080,239200,3.9,AI-assisted diagnostic imaging reducing radiologist workload; Telehealth platforms automating triage and intake; Natural language processing for clinical documentation,35,Interdisciplinary care coordination; Emergency triage requiring rapid human judgment; Hands-on physical examination and procedures; Ethical decision-making in end-of-life situations
Surgical Assistants,53,22860,60290,5.1,Automated patient monitoring and alert systems; AI clinical decision-support tools guiding treatment; Natural language processing for clinical documentation,36,Hands-on physical examination and procedures; Interdisciplinary care coordination; Ethical decision-making in end-of-life situations; Complex clinical judgment in ambiguous presentations
Surgical Technologists,46,113890,62830,4.5,Telehealth platforms automating triage and intake; Natural language processing for clinical documentation; AI-assisted diagnostic imaging reducing radiologist workload; AI clinical decision-support tools guiding treatment,44,Emergency triage requiring rapid human judgment; Complex clinical judgment in ambiguous presentations; Empathetic patient communication and bedside manner; Hands-on physical examination and procedures
Survey Researchers,84,7720,63380,-5.2,Automated data interpretation and insight generation; Chatbot displacement of customer-facing interactions; Automated laboratory instrumentation and workflows; AI-accelerated data analysis and pattern recognition,51,Designing novel experiments and research methodologies; Interpreting ambiguous results with domain expertise; Fieldwork in unstructured natural environments; Collaborative scientific discourse and peer review
Surveying and Mapping Technicians,75,56720,51940,4.5,AI-optimized manufacturing process design; Automated data interpretation and insight generation; Automated structural and systems analysis software; AI-powered research and literature review tools,67,Safety-critical judgment in design review; Cross-disciplinary collaboration on complex projects; Client communication and technical consultation
Surveyors,83,53080,72740,4.4,Large language model automation of analysis tasks; Generative AI producing marketing and creative copy; AI summarization replacing manual report compilation; Automated structural and systems analysis software,50,Cross-disciplinary collaboration on complex projects; On-site problem-solving in variable physical conditions; Novel engineering design for unprecedented challenges; Client communication and technical consultation
"Switchboard Operators, Including Answering Service",83,35730,38370,-26.3,Intelligent document processing and OCR automation; Generative AI producing marketing and creative copy; Chatbot displacement of customer-facing interactions; AI scheduling and calendar management assistants; AI-powered email triage and response drafting,92,Managing sensitive interpersonal workplace situations; Building trust-based relationships with executives; Handling confidential and politically sensitive information
"Tailors, Dressmakers, and Custom Sewers",31,16290,40860,-4.5,Cobots handling repetitive material handling tasks; Predictive maintenance reducing manual inspection roles; Industrial robotics replacing manual assembly tasks; AI quality inspection via computer vision systems,55,Coordinating workflow across diverse production teams; Quality judgment requiring tactile and visual inspection; Handling non-standard materials and configurations; Setup and calibration of custom production runs
"Tank Car, Truck, and Ship Loaders",44,10920,58070,4.3,Predictive maintenance reducing manual inspection needs; AI route optimization reducing dispatcher roles; AI traffic management and fleet coordination; Automated warehouse sorting and loading systems,55,Manual loading of irregular and fragile cargo; Navigating unpredictable road and weather conditions; Customer interaction and conflict resolution during delivery; Navigating complex urban environments with obstacles
Tapers,10,12500,64700,0.1,AI project scheduling and resource optimization; Autonomous heavy equipment operation; 3D printing of building components; Drone-based site surveying and inspection,45,Navigating unpredictable and unstructured job sites; Fine motor craftsmanship in custom installations; Real-time safety judgment in hazardous conditions; Adapting to unique building configurations on-site
"Tax Examiners and Collectors, and Revenue Agents",95,53530,59740,-1.8,AI-powered research and literature review tools; Large language model automation of analysis tasks; AI-generated written content replacing manual drafting; AI coding assistants reducing developer demand; Automated tax preparation and compliance tools,74,Crisis financial decision-making under uncertainty; Ethical judgment in fiduciary and advisory roles; Stakeholder management in complex organizational settings
Tax Preparers,95,73570,50560,4.5,AI summarization replacing manual report compilation; Automated tax preparation and compliance tools; Generative AI producing marketing and creative copy; Chatbot displacement of customer-facing interactions; Large language model automation of analysis tasks,72,Ethical judgment in fiduciary and advisory roles; Strategic advisory requiring deep client relationship knowledge; Navigating regulatory ambiguity and compliance judgment
Taxi Drivers,38,17510,36220,11.1,Autonomous vehicle and self-driving truck technology; Automated warehouse sorting and loading systems; AI route optimization reducing dispatcher roles; Drone delivery displacing last-mile logistics workers,61,Navigating complex urban environments with obstacles; Emergency situation response and quick decision-making; Customer interaction and conflict resolution during delivery
"Teachers and Instructors, All Other",35,125010,64690,-0.1,AI tutoring systems providing personalized instruction; Virtual classroom platforms reducing instructor demand; AI-generated curriculum and lesson plan content,23,Mentoring students through personal and academic challenges; Managing classroom dynamics and student behavior; Inspiring and motivating students through personal connection; Developing creative and engaging hands-on lessons; Adapting instruction to individual learning needs in real-time
"Teaching Assistants, Except Postsecondary",35,1375300,35240,-1.5,AI tutoring systems providing personalized instruction; Virtual classroom platforms reducing instructor demand; Adaptive learning technology replacing remedial roles; AI-generated curriculum and lesson plan content,43,Mentoring students through personal and academic challenges; Inspiring and motivating students through personal connection; Developing creative and engaging hands-on lessons; Adapting instruction to individual learning needs in real-time
"Teaching Assistants, Postsecondary",95,155010,44930,3.1,Generative AI producing marketing and creative copy; AI-powered research and literature review tools; Virtual classroom platforms reducing instructor demand; Automated data interpretation and insight generation,56,Developing creative and engaging hands-on lessons; Mentoring students through personal and academic challenges; Managing classroom dynamics and student behavior; Adapting instruction to individual learning needs in real-time
Technical Writers,78,55530,91670,0.9,Generative AI producing marketing and creative copy; Generative AI creating visual art and design assets; AI copywriting tools reducing editorial demand; AI-powered research and literature review tools,64,Live performance and audience engagement; Original creative vision and artistic direction; Collaborative creative ideation and brainstorming
"Telecommunications Equipment Installers and Repairers, Except Line Installers",57,153890,62630,-4.2,AI parts inventory and supply chain optimization; Predictive maintenance AI reducing reactive repair needs; Automated fault detection via IoT sensor networks; Robotic inspection of hard-to-reach equipment,49,"Adapting repairs to non-standard or legacy equipment; Working in confined, elevated, or hazardous spaces; Diagnosing novel equipment failures through physical inspection; Customer communication about technical issues"
Telecommunications Line Installers and Repairers,34,98360,70500,-3.1,Predictive maintenance AI reducing reactive repair needs; Augmented reality-guided remote diagnostics; AI parts inventory and supply chain optimization; Robotic inspection of hard-to-reach equipment,49,"Diagnosing novel equipment failures through physical inspection; Working in confined, elevated, or hazardous spaces; Adapting repairs to non-standard or legacy equipment; Customer communication about technical issues"
Telemarketers,95,66430,34410,-22.1,AI-powered research and literature review tools; AI-generated written content replacing manual drafting; E-commerce automation reducing in-store sales staff; Generative AI producing marketing and creative copy; AI-powered product recommendation engines,96,Building long-term client relationships and trust; Negotiating bespoke deals with multiple stakeholders; Resolving novel customer complaints with empathy
Telephone Operators,67,3950,39130,-27.5,AI summarization replacing manual report compilation; AI coding assistants reducing developer demand; Automated data interpretation and insight generation; Robotic process automation of data entry workflows; Automated invoice and expense processing,89,Coordinating complex multi-party events and logistics; Managing sensitive interpersonal workplace situations; Exercising discretion in ambiguous administrative decisions
Tellers,87,339340,39340,-12.9,AI-powered email triage and response drafting; AI scheduling and calendar management assistants; Chatbot displacement of customer-facing interactions; Automated data interpretation and insight generation; Automated invoice and expense processing,86,Managing sensitive interpersonal workplace situations; Building trust-based relationships with executives; Handling confidential and politically sensitive information
Terrazzo Workers and Finishers,10,1450,57260,-11.1,Robotic bricklaying and prefabrication automation; Drone-based site surveying and inspection; AI project scheduling and resource optimization; Autonomous heavy equipment operation,61,Fine motor craftsmanship in custom installations; Real-time safety judgment in hazardous conditions; Navigating unpredictable and unstructured job sites
Textile Bleaching and Dyeing Machine Operators and Tenders,46,5820,37320,-10.1,AI quality inspection via computer vision systems; Smart factory scheduling and production optimization; Cobots handling repetitive material handling tasks; Industrial robotics replacing manual assembly tasks; Automated CNC programming and machine operation,73,Setup and calibration of custom production runs; Quality judgment requiring tactile and visual inspection; Troubleshooting complex equipment malfunctions
"Textile Cutting Machine Setters, Operators, and Tenders",31,8960,37940,-11.7,Industrial robotics replacing manual assembly tasks; AI quality inspection via computer vision systems; Automated CNC programming and machine operation; Predictive maintenance reducing manual inspection roles; Smart factory scheduling and production optimization,73,Troubleshooting complex equipment malfunctions; Coordinating workflow across diverse production teams; Quality judgment requiring tactile and visual inspection
"Textile Knitting and Weaving Machine Setters, Operators, and Tenders",38,14530,38260,-11.2,Predictive maintenance reducing manual inspection roles; Automated CNC programming and machine operation; Cobots handling repetitive material handling tasks; AI quality inspection via computer vision systems,67,Troubleshooting complex equipment malfunctions; Quality judgment requiring tactile and visual inspection; Handling non-standard materials and configurations
"Textile Winding, Twisting, and Drawing Out Machine Setters, Operators, and Tenders",38,20600,37660,-9,Industrial robotics replacing manual assembly tasks; AI quality inspection via computer vision systems; Automated CNC programming and machine operation; Cobots handling repetitive material handling tasks; Predictive maintenance reducing manual inspection roles,72,Handling non-standard materials and configurations; Coordinating workflow across diverse production teams; Setup and calibration of custom production runs
"Textile, Apparel, and Furnishings Workers",35,464330,35580,-3.2,Industrial robotics replacing manual assembly tasks; AI quality inspection via computer vision systems; Smart factory scheduling and production optimization,40,Coordinating workflow across diverse production teams; Setup and calibration of custom production runs; Handling non-standard materials and configurations; Quality judgment requiring tactile and visual inspection
"Textile, Apparel, and Furnishings Workers, All Other",35,14450,37010,-9.4,AI quality inspection via computer vision systems; Industrial robotics replacing manual assembly tasks; Smart factory scheduling and production optimization; Automated CNC programming and machine operation,61,Troubleshooting complex equipment malfunctions; Quality judgment requiring tactile and visual inspection; Handling non-standard materials and configurations
"Therapists, All Other",88,19320,65010,11.5,Large language model automation of analysis tasks; AI clinical decision-support tools guiding treatment; Administrative automation of medical billing and coding,35,Emergency triage requiring rapid human judgment; Ethical decision-making in end-of-life situations; Interdisciplinary care coordination; Hands-on physical examination and procedures
Tile and Stone Setters,10,38740,52240,10.1,BIM-integrated automated progress tracking; 3D printing of building components; AI project scheduling and resource optimization; Drone-based site surveying and inspection,43,Navigating unpredictable and unstructured job sites; Adapting to unique building configurations on-site; Fine motor craftsmanship in custom installations; Physical work in confined or elevated spaces
Timing Device Assemblers and Adjusters,34,230,40790,-17.5,Industrial robotics replacing manual assembly tasks; AI quality inspection via computer vision systems; Smart factory scheduling and production optimization; Predictive maintenance reducing manual inspection roles,65,Quality judgment requiring tactile and visual inspection; Setup and calibration of custom production runs; Handling non-standard materials and configurations
Tire Builders,10,20970,55580,2.3,Automated CNC programming and machine operation; Predictive maintenance reducing manual inspection roles; Cobots handling repetitive material handling tasks; Smart factory scheduling and production optimization,55,Troubleshooting complex equipment malfunctions; Quality judgment requiring tactile and visual inspection; Handling non-standard materials and configurations; Coordinating workflow across diverse production teams
Tire Repairers and Changers,10,106620,37120,5.7,Robotic inspection of hard-to-reach equipment; Augmented reality-guided remote diagnostics; AI parts inventory and supply chain optimization; Predictive maintenance AI reducing reactive repair needs,50,"Working in confined, elevated, or hazardous spaces; Diagnosing novel equipment failures through physical inspection; Adapting repairs to non-standard or legacy equipment; Customer communication about technical issues"
"Title Examiners, Abstractors, and Searchers",95,48170,54980,2,AI compliance monitoring and regulatory analysis; AI-generated written content replacing manual drafting; Generative AI producing marketing and creative copy; AI summarization replacing manual report compilation; Automated data interpretation and insight generation,71,Negotiating settlements requiring empathy and persuasion; Ethical judgment in adversarial situations; Client counseling on sensitive and complex matters
Tool and Die Makers,42,55130,63180,-10.8,Predictive maintenance reducing manual inspection roles; Cobots handling repetitive material handling tasks; Automated CNC programming and machine operation; AI quality inspection via computer vision systems,66,Troubleshooting complex equipment malfunctions; Quality judgment requiring tactile and visual inspection; Setup and calibration of custom production runs
"Tool Grinders, Filers, and Sharpeners",24,5730,48970,-7.8,Industrial robotics replacing manual assembly tasks; Cobots handling repetitive material handling tasks; AI quality inspection via computer vision systems; Smart factory scheduling and production optimization,65,Handling non-standard materials and configurations; Coordinating workflow across diverse production teams; Setup and calibration of custom production runs
Top Executives,35,3822780,104990,4.4,Automated performance analytics and reporting; Chatbot-based employee self-service reducing HR management; AI-driven workforce planning and scheduling,31,Conflict resolution and mediation across departments; Strategic vision-setting in uncertain markets; Building organizational culture and employee engagement; Navigating complex interpersonal and political dynamics
Tour and Travel Guides,35,49010,36660,8.1,AI-powered skincare and beauty recommendation apps; Virtual try-on technology reducing in-person consultations; Automated booking and client management platforms; AI fitness coaching apps displacing personal trainers,52,Adapting techniques to individual body types and preferences; Building trust and rapport with repeat clients; Personalized hands-on service requiring tactile skill; Emotional support and active listening during sessions
Traffic Technicians,65,7580,58480,3.7,Automated data interpretation and insight generation; AI coding assistants reducing developer demand; Predictive maintenance reducing manual inspection needs; AI summarization replacing manual report compilation,62,Manual loading of irregular and fragile cargo; Emergency situation response and quick decision-making; Navigating complex urban environments with obstacles
Training and Development Managers,83,44960,127090,5.8,Automated data interpretation and insight generation; AI-driven workforce planning and scheduling; AI-powered research and literature review tools,32,Navigating complex interpersonal and political dynamics; Building organizational culture and employee engagement; Strategic vision-setting in uncertain markets; Conflict resolution and mediation across departments
Training and Development Specialists,84,436610,65850,10.8,AI-powered research and literature review tools; AI-generated written content replacing manual drafting; Generative AI producing marketing and creative copy,36,Crisis financial decision-making under uncertainty; Stakeholder management in complex organizational settings; Navigating regulatory ambiguity and compliance judgment; Ethical judgment in fiduciary and advisory roles
Transit and Railroad Police,81,3000,82320,3,AI summarization replacing manual report compilation; Drone-based perimeter monitoring and response; Automated access control and identity verification; Chatbot displacement of customer-facing interactions,56,Split-second judgment in life-threatening situations; De-escalation of volatile interpersonal confrontations; Physical apprehension and emergency response; Community relationship-building and trust development
Transportation Inspectors,68,23320,85750,1.7,Automated data interpretation and insight generation; Autonomous vehicle and self-driving truck technology; AI route optimization reducing dispatcher roles; AI-generated written content replacing manual drafting,63,Emergency situation response and quick decision-making; Customer interaction and conflict resolution during delivery; Manual loading of irregular and fragile cargo
Transportation Security Screeners,38,46340,63360,-6,Drone-based perimeter monitoring and response; Automated access control and identity verification; Predictive policing and crime analytics; Autonomous patrol and security robots,53,Physical apprehension and emergency response; Community relationship-building and trust development; Navigating legally and ethically complex enforcement scenarios; De-escalation of volatile interpersonal confrontations
"Transportation Workers, All Other",35,10960,39630,3.8,AI traffic management and fleet coordination; AI route optimization reducing dispatcher roles; Drone delivery displacing last-mile logistics workers,37,Manual loading of irregular and fragile cargo; Customer interaction and conflict resolution during delivery; Navigating unpredictable road and weather conditions; Emergency situation response and quick decision-making
"Transportation, Storage, and Distribution Managers",82,213000,102010,6.1,Chatbot displacement of customer-facing interactions; Chatbot-based employee self-service reducing HR management; Automated data interpretation and insight generation; AI-powered research and literature review tools,51,Navigating complex interpersonal and political dynamics; Inspiring and leading teams through organizational change; Conflict resolution and mediation across departments; Strategic vision-setting in uncertain markets
Travel Agents,95,59150,48450,2.2,Large language model automation of analysis tasks; E-commerce automation reducing in-store sales staff; Generative AI producing marketing and creative copy; Dynamic pricing algorithms replacing pricing roles,48,Building long-term client relationships and trust; Consultative selling for complex or high-value products; Reading customer emotional cues and adapting approach; Negotiating bespoke deals with multiple stakeholders
Tree Trimmers and Pruners,44,47870,50430,3.3,Remote monitoring reducing on-site maintenance staff; IoT-based predictive maintenance scheduling; Robotic cleaning and facility maintenance systems; Automated grounds-keeping and landscaping equipment,58,Hands-on troubleshooting of building systems; Responding to unpredictable facility emergencies; Physical work in diverse and unstructured environments; Judgment calls on repair vs. replacement decisions
Tutors,95,174660,40090,0.6,Automated data interpretation and insight generation; AI tutoring systems providing personalized instruction; AI-generated curriculum and lesson plan content; AI-generated written content replacing manual drafting,50,Mentoring students through personal and academic challenges; Inspiring and motivating students through personal connection; Adapting instruction to individual learning needs in real-time; Managing classroom dynamics and student behavior
"Umpires, Referees, and Other Sports Officials",95,15080,38820,5.7,AI summarization replacing manual report compilation; Chatbot displacement of customer-facing interactions; Large language model automation of analysis tasks; Automated data interpretation and insight generation; AI coding assistants reducing developer demand,75,Collaborative creative ideation and brainstorming; Cultural interpretation and contextual sensitivity; Original creative vision and artistic direction
"Underground Mining Machine Operators, All Other",35,3480,67220,-6.1,AI project scheduling and resource optimization; 3D printing of building components; BIM-integrated automated progress tracking; Autonomous heavy equipment operation,46,Navigating unpredictable and unstructured job sites; Fine motor craftsmanship in custom installations; Physical work in confined or elevated spaces; Real-time safety judgment in hazardous conditions
Upholsterers,44,20990,46190,-1.8,Smart factory scheduling and production optimization; Predictive maintenance reducing manual inspection roles; Cobots handling repetitive material handling tasks; Automated CNC programming and machine operation,43,Setup and calibration of custom production runs; Quality judgment requiring tactile and visual inspection; Troubleshooting complex equipment malfunctions; Coordinating workflow across diverse production teams
Urban and Regional Planners,88,43040,83720,3.4,AI-powered research and literature review tools; AI coding assistants reducing developer demand; Generative AI producing marketing and creative copy; Automated data interpretation and insight generation,41,Ethical oversight of research involving human subjects; Collaborative scientific discourse and peer review; Fieldwork in unstructured natural environments; Interpreting ambiguous results with domain expertise
"Ushers, Lobby Attendants, and Ticket Takers",61,119210,31150,1.2,Large language model automation of analysis tasks; Automated booking and client management platforms; Virtual try-on technology reducing in-person consultations; AI-powered research and literature review tools,66,Adapting techniques to individual body types and preferences; Emotional support and active listening during sessions; Creative aesthetic judgment for individual clients
"Vehicle and Mobile Equipment Mechanics, Installers, and Repairers",35,1732480,56220,4,Predictive maintenance AI reducing reactive repair needs; Augmented reality-guided remote diagnostics; AI parts inventory and supply chain optimization,35,"Adapting repairs to non-standard or legacy equipment; Hands-on fine motor work in intricate machinery; Working in confined, elevated, or hazardous spaces; Customer communication about technical issues"
Veterinarians,84,80630,125510,9.6,Administrative automation of medical billing and coding; AI-generated written content replacing manual drafting; Natural language processing for clinical documentation,34,Interdisciplinary care coordination; Emergency triage requiring rapid human judgment; Ethical decision-making in end-of-life situations; Hands-on physical examination and procedures
Veterinary Assistants and Laboratory Animal Caretakers,76,114190,37320,8.7,AI summarization replacing manual report compilation; Robotic assistance in patient mobility and care; AI coding assistants reducing developer demand; Automated data interpretation and insight generation,68,Building rapport with patients and families; Responding to unpredictable patient emergencies; Physical repositioning and mobility assistance
Veterinary Technologists and Technicians,67,131320,45980,9.1,AI-assisted diagnostic imaging reducing radiologist workload; AI summarization replacing manual report compilation; Telehealth platforms automating triage and intake,38,Empathetic patient communication and bedside manner; Ethical decision-making in end-of-life situations; Interdisciplinary care coordination; Complex clinical judgment in ambiguous presentations
Waiters and Waitresses,31,2302690,33760,-0.7,Automated food preparation and cooking robotics; Self-ordering kiosks and mobile app displacement; Automated dishwashing and kitchen cleaning systems; AI inventory management and waste reduction,62,Food presentation requiring artistic and tactile skill; Hospitality and personalized guest experiences; Adapting to real-time dietary and allergy requests
Watch and Clock Repairers,44,1300,60690,-1.1,AI parts inventory and supply chain optimization; Automated fault detection via IoT sensor networks; Predictive maintenance AI reducing reactive repair needs; Robotic inspection of hard-to-reach equipment,64,Customer communication about technical issues; Hands-on fine motor work in intricate machinery; Diagnosing novel equipment failures through physical inspection
Water and Wastewater Treatment Plant and System Operators,59,126750,58260,-6.5,Industrial robotics replacing manual assembly tasks; Cobots handling repetitive material handling tasks; AI quality inspection via computer vision systems; Predictive maintenance reducing manual inspection roles,62,Setup and calibration of custom production runs; Quality judgment requiring tactile and visual inspection; Coordinating workflow across diverse production teams
Water Transportation Workers,35,77710,66490,1.3,Predictive maintenance reducing manual inspection needs; Autonomous vehicle and self-driving truck technology; Drone delivery displacing last-mile logistics workers,34,Navigating unpredictable road and weather conditions; Emergency situation response and quick decision-making; Navigating complex urban environments with obstacles; Customer interaction and conflict resolution during delivery
Web and Digital Interface Designers,83,111400,98090,7,AI summarization replacing manual report compilation; AI-driven cybersecurity threat detection replacing analysts; Generative AI producing marketing and creative copy; Automated testing and CI/CD pipeline intelligence,46,Architecting novel systems requiring creative problem-solving; Ethical AI oversight and bias auditing; Crisis debugging of complex production incidents; Mentoring junior developers and team leadership
Web Developers,81,78860,90930,7.5,AI-driven cybersecurity threat detection replacing analysts; AI-powered research and literature review tools; Large language model automation of analysis tasks,40,Crisis debugging of complex production incidents; Mentoring junior developers and team leadership; Ethical AI oversight and bias auditing; Stakeholder negotiation and requirements elicitation
"Weighers, Measurers, Checkers, and Samplers, Recordkeeping",53,49720,45650,-4.8,Intelligent document processing and OCR automation; AI scheduling and calendar management assistants; Robotic process automation of data entry workflows; Automated invoice and expense processing,70,Managing sensitive interpersonal workplace situations; Building trust-based relationships with executives; Coordinating complex multi-party events and logistics
"Welders, Cutters, Solderers, and Brazers",41,424040,51000,2.2,Automated CNC programming and machine operation; AI quality inspection via computer vision systems; Cobots handling repetitive material handling tasks; Industrial robotics replacing manual assembly tasks,62,Troubleshooting complex equipment malfunctions; Coordinating workflow across diverse production teams; Handling non-standard materials and configurations
"Welding, Soldering, and Brazing Machine Setters, Operators, and Tenders",44,36290,47060,-9,Cobots handling repetitive material handling tasks; Smart factory scheduling and production optimization; Industrial robotics replacing manual assembly tasks; Predictive maintenance reducing manual inspection roles,62,Setup and calibration of custom production runs; Quality judgment requiring tactile and visual inspection; Handling non-standard materials and configurations
Wellhead Pumpers,31,17350,70010,-4.7,Automated warehouse sorting and loading systems; Autonomous vehicle and self-driving truck technology; AI route optimization reducing dispatcher roles; Drone delivery displacing last-mile logistics workers,60,Navigating unpredictable road and weather conditions; Navigating complex urban environments with obstacles; Customer interaction and conflict resolution during delivery
Wind Turbine Service Technicians,45,11220,62580,49.9,Automated fault detection via IoT sensor networks; Robotic inspection of hard-to-reach equipment; Augmented reality-guided remote diagnostics; AI parts inventory and supply chain optimization,46,"Hands-on fine motor work in intricate machinery; Adapting repairs to non-standard or legacy equipment; Working in confined, elevated, or hazardous spaces; Customer communication about technical issues"
Woodworkers,35,207380,43640,-1.8,Industrial robotics replacing manual assembly tasks; AI quality inspection via computer vision systems; Smart factory scheduling and production optimization,38,Coordinating workflow across diverse production teams; Setup and calibration of custom production runs; Troubleshooting complex equipment malfunctions; Quality judgment requiring tactile and visual inspection
"Woodworkers, All Other",35,6590,41220,-4.4,Predictive maintenance reducing manual inspection roles; Cobots handling repetitive material handling tasks; AI quality inspection via computer vision systems; Smart factory scheduling and production optimization,41,Coordinating workflow across diverse production teams; Setup and calibration of custom production runs; Quality judgment requiring tactile and visual inspection; Handling non-standard materials and configurations
"Woodworking Machine Setters, Operators, and Tenders, Except Sawing",36,63350,40440,-1.8,Smart factory scheduling and production optimization; Industrial robotics replacing manual assembly tasks; Cobots handling repetitive material handling tasks; AI quality inspection via computer vision systems,63,Handling non-standard materials and configurations; Troubleshooting complex equipment malfunctions; Quality judgment requiring tactile and visual inspection
Word Processors and Typists,82,36030,47850,-36.1,Intelligent document processing and OCR automation; AI-generated written content replacing manual drafting; AI-powered research and literature review tools; Generative AI producing marketing and creative copy; AI coding assistants reducing developer demand,87,Exercising discretion in ambiguous administrative decisions; Coordinating complex multi-party events and logistics; Handling confidential and politically sensitive information
Writers and Authors,95,47800,72270,3.6,AI music composition and audio production; Text-to-image tools displacing graphic design work; AI video editing and post-production automation,38,Physical artistry and hands-on creative execution; Collaborative creative ideation and brainstorming; Original creative vision and artistic direction; Live performance and audience engagement
Zoologists and Wildlife Biologists,87,16920,72860,1.6,Robotic sample preparation and experimentation; AI literature review and meta-analysis automation; Machine learning models replacing manual hypothesis testing; AI-powered research and literature review tools,50,Fieldwork in unstructured natural environments; Interpreting ambiguous results with domain expertise; Ethical oversight of research involving human subjects; Collaborative scientific discourse and peer review
